{
  "epoch": [
    1,
    2,
    3,
    4,
    5,
    6,
    7,
    8,
    9,
    10,
    11,
    12,
    13,
    14,
    15,
    16,
    17,
    18,
    19,
    20,
    21,
    22,
    23,
    24,
    25,
    26,
    27,
    28,
    29,
    30,
    31,
    32,
    33,
    34,
    35,
    36,
    37,
    38,
    39,
    40,
    41,
    42,
    43,
    44,
    45,
    46,
    47,
    48,
    49,
    50,
    51,
    52,
    53,
    54,
    55,
    56,
    57,
    58,
    59,
    60,
    61,
    62,
    63,
    64,
    65,
    66,
    67,
    68,
    69,
    70,
    71,
    72,
    73,
    74,
    75,
    76,
    77,
    78,
    79,
    80
  ],
  "train_loss": [
    3.7410256641882436,
    3.222849658487265,
    3.1007969958301436,
    2.989781622533445,
    2.906648487711149,
    2.8253052985226668,
    2.7304655509721103,
    2.6346375235804804,
    2.545630780267127,
    2.478715152161602,
    2.4241007877966014,
    2.360834843092004,
    2.3233813712135754,
    2.283179087893953,
    2.2583741749265065,
    2.2018842643180503,
    2.196697637868026,
    2.143821134488769,
    2.1468808283040555,
    2.112327304887183,
    2.0733687374817493,
    2.0749476191438276,
    2.066629605038176,
    2.052835029093817,
    2.0338095218065835,
    2.0031545586546753,
    1.9966299791394928,
    1.9804756329873952,
    1.960763646496667,
    1.9669850223348955,
    1.9250842742468595,
    1.9553811037491378,
    1.9148480261794825,
    1.928308196764424,
    1.9027533609680678,
    1.8811258533854542,
    1.8722438520364801,
    1.8854125586066226,
    1.8749458608313352,
    1.8644722812950856,
    1.863421257876565,
    1.8656036387745736,
    1.813239399420381,
    1.8525893727447762,
    1.823494608019605,
    1.8040780569790813,
    1.811744958284951,
    1.8229060467378593,
    1.8104251369282052,
    1.822358294524283,
    1.7883499782271837,
    1.7941445104869795,
    1.785550931844201,
    1.7857673239315488,
    1.7622730084407476,
    1.7825951922087022,
    1.7870157115743974,
    1.7501830419395195,
    1.7722227877550165,
    1.7535390682181213,
    1.7579667620943407,
    1.7464731652059673,
    1.7631127699412437,
    1.7564863692585824,
    1.7601026963795163,
    1.7359988262623915,
    1.7457505741727695,
    1.742777448132205,
    1.7425316783135811,
    1.7598823636402319,
    1.7313040166234774,
    1.7225472474539723,
    1.7414808799455195,
    1.7267278950400804,
    1.7254132395418582,
    1.7279143080789856,
    1.7278919116950329,
    1.727051633620949,
    1.7229746901449352,
    1.7396647813634127
  ],
  "dev_loss": [
    4.056835255380404,
    3.653950091135704,
    3.1476123272362404,
    3.0222682467961715,
    2.749225656865007,
    2.5789939266140176,
    2.407086822946193,
    2.247569478164285,
    2.081763194779218,
    2.0144033906823497,
    1.9059269721225156,
    1.8011558975203563,
    1.7879813747890925,
    1.6723725896770671,
    1.6316669623730546,
    1.54916120989848,
    1.5703467261993278,
    1.478853967735323,
    1.4892280894820973,
    1.550477175389306,
    1.4730350829787173,
    1.4326842285818973,
    1.3647179361117088,
    1.3732156273672136,
    1.3649769364777258,
    1.3269692396713515,
    1.2782660601502758,
    1.3073266002081207,
    1.2555927518060652,
    1.2853556174342915,
    1.246246584896314,
    1.3077759171946575,
    1.2219268487671675,
    1.2446740047406342,
    1.2293764256824882,
    1.2178084239111109,
    1.2068331095121674,
    1.1815943036038996,
    1.1677326979273457,
    1.1226736822370755,
    1.1437734825126196,
    1.1508089576737355,
    1.1387667479151387,
    1.1074638755644781,
    1.1428294252541105,
    1.1151023123223902,
    1.0995769879575503,
    1.1202273944676933,
    1.1216702981520508,
    1.128463966866671,
    1.1201537241369992,
    1.094033774683031,
    1.0837974684723353,
    1.082519190291227,
    1.0977246731014576,
    1.0748208882444996,
    1.088214416625136,
    1.067807561765283,
    1.0667873838190305,
    1.0664902652724315,
    1.0728935462943578,
    1.0598914825310142,
    1.0540087283667872,
    1.0605042622251026,
    1.0677793344198647,
    1.0515746428804882,
    1.0586188819448827,
    1.0554252423472323,
    1.0539918420678478,
    1.054660817324105,
    1.0485311433420343,
    1.051770063780122,
    1.0535937921475556,
    1.0483489678067677,
    1.0466784021611941,
    1.0449261453192114,
    1.0460444456439908,
    1.0475950433036028,
    1.0433835553920876,
    1.0448834987009985
  ],
  "dev_cer": [
    1.0,
    1.0,
    0.8541304297957146,
    0.7875808079994426,
    0.7435032755678822,
    0.7314714929492971,
    0.6868658174416588,
    0.6354830124552219,
    0.5899665860422058,
    0.5727146069367077,
    0.5405468959294412,
    0.5035561349038995,
    0.49008920180044835,
    0.46913532129177776,
    0.45633226554607487,
    0.43181675640696493,
    0.4320306663815235,
    0.4121005421871218,
    0.40049004581980685,
    0.4066311216506786,
    0.39074997406165113,
    0.3825071630025431,
    0.3685475166330037,
    0.36296043149258483,
    0.3632833332218258,
    0.3535320089387154,
    0.3445046484158767,
    0.34036103676034146,
    0.332481171161319,
    0.3306860301065294,
    0.327347214183361,
    0.3296975709446703,
    0.31757439826115424,
    0.3257761928303917,
    0.3123995840942448,
    0.30615222853719387,
    0.3029844192684232,
    0.3034066294390649,
    0.30098452775853973,
    0.2903902713816941,
    0.2945669124174784,
    0.29066437766168635,
    0.28896584096239714,
    0.2821918506582502,
    0.2860331643878655,
    0.28306872534845634,
    0.2783886547450169,
    0.2768904344999907,
    0.27662696705244555,
    0.2742814764735971,
    0.27362349781090534,
    0.27197359004227745,
    0.27042117758146395,
    0.2671864955564661,
    0.26785787375697956,
    0.26597174030826687,
    0.26439431316289974,
    0.2641365542517592,
    0.2621671950511855,
    0.26209950566274315,
    0.26294198011821157,
    0.25965473071781664,
    0.25907146533914593,
    0.2600707971581685,
    0.2592502620132277,
    0.25657598138340904,
    0.2571991843920266,
    0.2577036039351464,
    0.2559313590623159,
    0.2568271119126736,
    0.2565470649149159,
    0.2565486346724858,
    0.2566944641175755,
    0.2553878570327607,
    0.2558624933267151,
    0.25456354831997385,
    0.25533575882385046,
    0.255164152942689,
    0.2548770578556966,
    0.2547703561147758
  ],