{
  "epoch": [
    1,
    2,
    3,
    4,
    5,
    6,
    7,
    8,
    9,
    10,
    11,
    12,
    13,
    14,
    15,
    16,
    17,
    18,
    19,
    20,
    21,
    22,
    23,
    24,
    25,
    26,
    27,
    28,
    29,
    30,
    31,
    32,
    33,
    34,
    35,
    36,
    37,
    38,
    39,
    40,
    41,
    42,
    43,
    44,
    45,
    46,
    47,
    48,
    49,
    50,
    51,
    52,
    53,
    54,
    55,
    56,
    57,
    58,
    59,
    60,
    61,
    62,
    63,
    64,
    65,
    66,
    67,
    68,
    69,
    70,
    71,
    72,
    73,
    74,
    75,
    76,
    77,
    78,
    79,
    80
  ],
  "train_loss": [
    3.7244719257080017,
    3.2202115078521856,
    3.1034441372004067,
    3.0030921437612776,
    2.9654483231006825,
    2.9479182983131564,
    2.909444910508615,
    2.8375889416094178,
    2.7432930577439043,
    2.6599543668605663,
    2.5789322411572493,
    2.4969724703718117,
    2.433388809363047,
    2.374137365278393,
    2.330781139954618,
    2.278964845731916,
    2.258014836919651,
    2.199934853938381,
    2.2000450911345304,
    2.1614387820287004,
    2.121504572929178,
    2.121554779908294,
    2.1044130038332054,
    2.088850004437529,
    2.0674217247668607,
    2.0393046878983454,
    2.031719462371167,
    2.0171152007432633,
    1.9969236264503543,
    2.0026393846719843,
    1.9561750520894556,
    1.988225046499276,
    1.9460555788420846,
    1.9553994384322146,
    1.93562651980561,
    1.9097702120557243,
    1.9005460788193063,
    1.9176262403711861,
    1.917528469130826,
    1.8959939295862929,
    1.8931981293262277,
    1.896959801269657,
    1.8447539318245625,
    1.8746064101717599,
    1.8517658536326247,
    1.8336808460730094,
    1.836727455319691,
    1.8532305166063976,
    1.8383961041523105,
    1.8491721273449713,
    1.8176066333374368,
    1.8204664583068817,
    1.8131657713725242,
    1.811635870747115,
    1.7886916650420843,
    1.8109424131397358,
    1.8140281470714774,
    1.7775326811482386,
    1.7993331460795776,
    1.7806526027589178,
    1.7846899838359267,
    1.7726029931517786,
    1.786677176569715,
    1.781502808317726,
    1.7852256101835902,
    1.762278896545677,
    1.772704653288602,
    1.7695149612524872,
    1.7656464310585227,
    1.7857900488769076,
    1.7555178705556893,
    1.7476135938746449,
    1.7691693480122728,
    1.7541202089668793,
    1.7514760744424513,
    1.7532982075655903,
    1.7532659320183743,
    1.7525941099159021,
    1.748036132182604,
    1.7656705953456737
  ],
  "dev_loss": [
    3.967862567659152,
    3.7317129434165306,
    3.0704882912716625,
    3.050970378568617,
    2.9597611629356773,
    2.9215029680122764,
    2.877771286641137,
    2.680866522304082,
    2.468912959098816,
    2.268464778439473,
    2.149372866598226,
    1.9601655410507979,
    1.9202469253944139,
    1.7792530635655937,
    1.737887470398919,
    1.6472631278684584,
    1.677528408624358,
    1.576799218937502,
    1.5221364195063962,
    1.5483418410107241,
    1.526527058270018,
    1.5035719962443335,
    1.4797527087947069,
    1.4485089102033841,
    1.421986226813268,
    1.4362609118728313,
    1.3793902134491225,
    1.3384355089422,
    1.3462627504841755,
    1.3614114820957184,
    1.3417327919248807,
    1.36865481633251,
    1.278051066196571,
    1.2632395423064797,
    1.289112859863346,
    1.260569415860257,
    1.249728603383242,
    1.28488047597772,
    1.2115864895157895,
    1.2347182535519035,
    1.208568037061368,
    1.217393253314293,
    1.1895557758161577,
    1.1776042631116963,
    1.1980069269568234,
    1.1773361881910744,
    1.1662241503343744,
    1.1632624298839245,
    1.1768902903896268,
    1.156273529186087,
    1.155816683829841,
    1.1478578049247548,
    1.1277194846484622,
    1.1490746110172596,
    1.1333826835882865,
    1.1392997917482408,
    1.1522907988499786,
    1.1198604657488354,
    1.1123565339435966,
    1.118937714120089,
    1.1135219487093262,
    1.1216821276535422,
    1.1020497331174754,
    1.1156161988185624,
    1.1153758557166082,
    1.1166583077382233,
    1.1095910552194563,
    1.1062471866607666,
    1.1006640655509496,
    1.1013303237446284,
    1.1009088153556241,
    1.106492733551284,
    1.1028917275242887,
    1.0971922894655648,
    1.0928408538891097,
    1.0981069338523735,
    1.0946057251954482,
    1.097092638581486,
    1.0953959544836465,
    1.0952389704979073
  ],
  "dev_cer": [
    1.0,
    1.0,
    0.840605164114664,
    0.8243422426826151,
    0.7970311699951247,
    0.7904311498957406,
    0.7635555610197462,
    0.738981476392502,
    0.6970448976828866,
    0.6523588841041036,
    0.6073120819134742,
    0.562861656405217,
    0.5388650916668916,
    0.5129680170275928,
    0.4894893797913315,
    0.4720126676348237,
    0.45698568027255226,
    0.42994223497411777,
    0.4231202938256975,
    0.4252121312299258,
    0.41137927939411606,
    0.4050832101764982,
    0.39042777195102313,
    0.3848461911803592,
    0.3792714404475283,
    0.3753654426475977,
    0.36146642457365197,
    0.3544404901032695,
    0.35007801378529285,
    0.3465880629043362,
    0.3471116879965257,
    0.3462028786385301,
    0.33687856149755346,
    0.33216157211012054,
    0.33055240897912164,
    0.32448091749855323,
    0.3191527934027072,
    0.326483918741525,
    0.3124095025319646,
    0.31509733950064733,
    0.3064191485138516,
    0.30239336306191616,
    0.30148623293066507,
    0.2959141462687506,
    0.3007470571651757,
    0.2944656385947299,
    0.29162517355145895,
    0.29096131860752167,
    0.2912502972861858,
    0.2864042429043447,
    0.2871190446539868,
    0.284389384801191,
    0.28260549190463297,
    0.28426745115095947,
    0.2791469879534944,
    0.2796922849173183,
    0.279667222796648,
    0.2744842912551743,
    0.27387259827219124,
    0.274827527651072,
    0.2721046063682741,
    0.27293605670237614,
    0.26928042496429483,
    0.2702135979214769,
    0.26948902368157224,
    0.26844807139372096,
    0.2666238596639717,
    0.26813234044291084,
    0.26648117421184025,
    0.2660098142133797,
    0.26692365070418184,
    0.26691236974822286,
    0.26631960291819046,
    0.2656997898870055,
    0.2649283314923964,
    0.26515648799375785,
    0.26506332042434305,
    0.2653324680247921,
    0.26506419315130014,
    0.26498625551637445
  ],