{
  "epoch": [
    1,
    2,
    3,
    4,
    5,
    6,
    7,
    8,
    9,
    10,
    11,
    12,
    13,
    14,
    15,
    16,
    17,
    18,
    19,
    20,
    21,
    22,
    23,
    24,
    25,
    26,
    27,
    28,
    29,
    30,
    31,
    32,
    33,
    34,
    35,
    36,
    37,
    38,
    39,
    40,
    41,
    42,
    43,
    44,
    45,
    46,
    47,
    48,
    49,
    50,
    51,
    52,
    53,
    54,
    55,
    56,
    57,
    58,
    59,
    60
  ],
  "train_loss": [
    3.390116176487487,
    2.590200568913432,
    1.9535916003670712,
    1.6963312647960804,
    1.5404001354190058,
    1.415268317416862,
    1.3447839280460105,
    1.2952841885786488,
    1.225298594545435,
    1.1885248571021076,
    1.145613305240011,
    1.1156470819755837,
    1.1012722876827412,
    1.0560288518789864,
    1.03965505160422,
    1.009027984407213,
    0.999257909417643,
    0.9628590900956848,
    0.9416116598702262,
    0.9348592902897808,
    0.91956817870768,
    0.9072718669970831,
    0.8810661947163044,
    0.8746868855791328,
    0.8614945454607285,
    0.844909128890116,
    0.8297029672949402,
    0.8271075996106544,
    0.8148333709916951,
    0.8051352821627762,
    0.7779928183359374,
    0.7777042139336896,
    0.7652968554585068,
    0.7538468746368777,
    0.7542506673453767,
    0.7543313556002,
    0.7513883235277953,
    0.7358110737162853,
    0.7118309254263654,
    0.7115448648914878,
    0.7217788844687458,
    0.7028485716247754,
    0.6789228865884459,
    0.6949664272766545,
    0.6807124225323092,
    0.688926831317046,
    0.6620834794799977,
    0.6713360000417066,
    0.6686509980095757,
    0.6788182747339515,
    0.6622970468468137,
    0.6668590868328824,
    0.6695343661332818,
    0.6560137266362155,
    0.6516201631031899,
    0.6560634702689363,
    0.6395044995801439,
    0.6557906605456592,
    0.6483452797181322,
    0.6535288923316531
  ],
  "dev_loss": [
    3.570477190664259,
    2.0359292848635526,
    1.7135662012181039,
    1.5526600909435142,
    1.3711117460566051,
    1.3461646063853119,
    1.2491123645992603,
    1.2112986844474987,
    1.1997939686653978,
    1.1576170446509022,
    1.1585473544516807,
    1.106584683313208,
    1.1054563340494188,
    1.0586000236414246,
    1.032833256458832,
    1.0262423748687162,
    1.0347265631465588,
    1.0339265612222381,
    0.9967746423967814,
    0.9953832035347566,
    1.0043153628959494,
    0.9746659766819518,
    0.96425263937247,
    0.9746547598960036,
    0.9398520677271536,
    0.9447052504046488,
    0.9389970524836395,
    0.9557868853463964,
    0.9486246694952755,
    0.9453835962182384,
    0.9251725714085466,
    0.931166149044441,
    0.9255310774354611,
    0.888779440168607,
    0.9165884536706795,
    0.920688780687623,
    0.890095087683807,
    0.9157690466460535,
    0.8947365243556136,
    0.9033435790215508,
    0.8845114329103696,
    0.8903192264043679,
    0.8883497386665667,
    0.8840499742556427,
    0.8949317146660918,
    0.8799734522225493,
    0.8839389199422578,
    0.8855640772035567,
    0.8795161686711392,
    0.8811349351022203,
    0.8778498013645916,
    0.8844187805208109,
    0.8835756950459238,
    0.8828815156120365,
    0.8819336883597455,
    0.8848558995178191,
    0.881623737387738,
    0.8795036910954168,
    0.8823972498461351,
    0.8801036651356745
  ],
  "dev_cer": [
    1.0,
    0.5667298271633194,
    0.47623730436054174,
    0.42147273768316895,
    0.37922691791303786,
    0.3611210443395541,
    0.33493344014944343,
    0.3243567542613311,
    0.3138845528190829,
    0.30600769556723495,
    0.30402970071226093,
    0.2928392877058548,
    0.28922833861327024,
    0.2776466931874733,
    0.2720813894328844,
    0.26776836956768013,
    0.26713986323883754,
    0.26291468617584596,
    0.2559756874438909,
    0.2544079334719135,
    0.2563284122221576,
    0.24740949238803336,
    0.24717281533295019,
    0.24965592855364677,
    0.23837836206447902,
    0.2384411571155949,
    0.24151314546999664,
    0.23667145247862184,
    0.2356339084527159,
    0.23561979790087348,
    0.23278957939474001,
    0.23021167633413137,
    0.2301234358591381,
    0.22227790346962553,
    0.22396035222134908,
    0.22462301571238377,
    0.22258460895067184,
    0.22395401576688992,
    0.21959969678292462,
    0.21990939051167432,
    0.21798308856591206,
    0.2179453708925981,
    0.21581023798047613,
    0.21466280447882258,
    0.21657231636480148,
    0.21528107011304326,
    0.21400476468994034,
    0.21337774848786703,
    0.21319155613816232,
    0.2122919438930966,
    0.2122346819258056,
    0.2125313837851382,
    0.21151614742034752,
    0.2117326717740092,
    0.21164107268256022,
    0.21178284714905035,
    0.21123823308762116,
    0.21113903479176926,
    0.2111972516450664,
    0.21090993510156972
  ],
  "dev_wer": [
    1.0,
    0.9979299962363568,
    0.9865637937523523,
    0.9723748588633797,
    0.9592021076401958,
    0.9476100865637938,
    0.9353406097101995,
    0.9240873165223937,
    0.9260444109898381,
    0.9121942039894618,
    0.9015430937147159,
    0.8923598042905533,
    0.8987203613097479,
    0.8746706812194204,
    0.8710952201731276,
    0.862702295822356,
    0.872111403838916,
    0.8559653744824991,
    0.8465186300338728,
    0.8386902521640949,
    0.8417011667293941,
    0.8265713210387655,
    0.836055701919458,
    0.8246518630033873,
    0.8160331200602183,
    0.8244260444109899,
    0.8121189311253293,
    0.8108016560030109,
    0.8086940158073015,
    0.8083929243507716,
    0.7969890854347008,
    0.7915318027850959,
    0.7910801656003011,
    0.7849830636055702,
    0.7834399698908543,
    0.7783214151298457,
    0.777418140760256,
    0.7770794128716597,
    0.7701166729394053,
    0.7722995859992473,
    0.7666541211893112,
    0.7700037636432067,
    0.765675573955589,
    0.7583741061347384,
    0.7670681219420399,
    0.7591268347760632,
    0.7620248400451637,
    0.7599548362815205,
    0.7578471960858111,
    0.754535190063982,
    0.7538953707188558,
    0.7569439217162213,
    0.7569815581482875,
    0.7565675573955589,
    0.7549491908167105,
    0.7570191945803538,
    0.754535190063982,
    0.7538200978547234,
    0.755175009409108,
    0.7550997365449755
  ],
  "lr": [
    0.0002916,
    0.00029980674696989366,
    0.00029920442458050093,
    0.00029819451369965036,
    0.0002967797824228689,
    0.000294964108430251,
    0.0002927524683580016,
    0.0002901509241578318,
    0.0002871666064815614,
    0.00028380769513650393,
    0.00028008339666518137,
    0.0002760039191108316,
    0.0002715804440378686,
    0.0002668250958839972,
    0.0002617509087279665,
    0.0002563717905640679,
    0.0002507024851812905,
    0.000244758531751622,
    0.0002385562222382524,
    0.00023211255674044002,
    0.00022544519689742117,
    0.00021857241747908285,
    0.0002115130562960903,
    0.000204286462566756,
    0.0001969124438821774,
    0.0001894112119150069,
    0.00018180332702066282,
    0.00017410964188282305,
    0.00016635124435766796,
    0.00015854939967353522,
    0.0001507254921444043,
    0.00014290096655697894,
    0.00013509726939201858,
    0.0001273357900410239,
    0.00011963780217940323,
    0.00011202440545680302,
    0.00010451646766443977,
    9.713456753793265e-05,
    8.989893835241801e-05,
    8.282941246455122e-05,
    7.594536695339424e-05,
    6.926567050918882e-05,
    6.280863171558904e-05,
    5.6591948867104756e-05,
    5.063266145930677e-05,
    4.4947103484755347e-05,
    3.955085866266034e-05,
    3.4458717724990715e-05,
    2.9684637876106176e-05,
    2.5241704537030415e-05,
    2.1142095479221333e-05,
    1.739704744614602e-05,
    1.401682535414793e-05,
    1.1010694157025104e-05,
    8.386893451435061e-06,
    6.152614892733768e-06,
    4.313982483147732e-06,
    2.876035786309925e-06,
    1.842716114165791e-06,
    1.2168557241116606e-06
  ],