{
  "epoch": [
    1,
    2,
    3,
    4,
    5,
    6,
    7,
    8,
    9,
    10,
    11,
    12,
    13,
    14,
    15,
    16,
    17,
    18,
    19,
    20,
    21,
    22,
    23,
    24,
    25,
    26,
    27,
    28,
    29,
    30,
    31,
    32,
    33,
    34,
    35,
    36,
    37,
    38,
    39,
    40,
    41,
    42,
    43,
    44,
    45,
    46,
    47,
    48,
    49,
    50,
    51,
    52,
    53,
    54,
    55,
    56,
    57,
    58,
    59,
    60
  ],
  "train_loss": [
    3.386443806283268,
    2.57987100646329,
    1.9416973791985845,
    1.6820995088957955,
    1.5183097661277394,
    1.393761424861327,
    1.3171758770697402,
    1.263468544792246,
    1.197232406448435,
    1.152036125399939,
    1.113164884931266,
    1.0764969528457264,
    1.060955976875721,
    1.020093800599683,
    1.0079579667299372,
    0.9696427308973462,
    0.9578920423739241,
    0.9275135432251196,
    0.9040680899296278,
    0.8939783624660822,
    0.8800145176703057,
    0.8673751662665434,
    0.8409216473254647,
    0.8355740860043239,
    0.8167300312607376,
    0.8029671535815721,
    0.7902812988424497,
    0.7855085764892797,
    0.7715282795237907,
    0.7632173129928456,
    0.7380653327875176,
    0.7374383986241533,
    0.7232180664568771,
    0.7137479203841324,
    0.7160374838015671,
    0.713805882099234,
    0.7088040908177694,
    0.6937652279320077,
    0.672818424586406,
    0.6746529700088894,
    0.6799143105132099,
    0.662852111667272,
    0.63981207904747,
    0.6535504413117107,
    0.6410661493677171,
    0.649264588522813,
    0.6226642488084212,
    0.6334929792478742,
    0.6283683887847658,
    0.6405104881942026,
    0.6230288515856237,
    0.6295416499545545,
    0.627959726094709,
    0.6168861314347742,
    0.6107612464408325,
    0.6154652638322532,
    0.5988190713733312,
    0.6159546235767902,
    0.609329787914645,
    0.6141358576868297
  ],
  "dev_loss": [
    3.4526511390330428,
    2.0490134994862443,
    1.7072862124038954,
    1.5150365667828058,
    1.3984326674776562,
    1.2850883087869418,
    1.2264107874894545,
    1.1682547699596921,
    1.1661375952979265,
    1.1008816740270388,
    1.1375834436739904,
    1.0569446637468822,
    1.0469461444575907,
    1.0296429794723705,
    1.0341748837697304,
    0.9943019207251274,
    1.0111227421942404,
    0.9754985613843142,
    0.9533987363516274,
    0.9358764124118676,
    0.9718079286611686,
    0.9553899977166774,
    0.9418463378639544,
    0.9339418295076338,
    0.9159494292432979,
    0.9152221929723934,
    0.9036981817019187,
    0.9149664382813341,
    0.8994491330142749,
    0.9090032509322894,
    0.897678885672052,
    0.9067607155795825,
    0.8918171343156847,
    0.8648914634171179,
    0.8785853363194708,
    0.8908328757447711,
    0.8713504775600919,
    0.869719786916749,
    0.8562822341918945,
    0.8617714992014028,
    0.8442667449935007,
    0.8581709136902276,
    0.8432039797811185,
    0.8499353459831012,
    0.8466380129931337,
    0.8357363141189187,
    0.8481269665693832,
    0.8519383721937568,
    0.8439946465067945,
    0.8355288654565811,
    0.8348379849882449,
    0.8337050289925882,
    0.8419577385914527,
    0.8364321008577185,
    0.8381276858054986,
    0.8394050224352692,
    0.8386114540241533,
    0.8365183889360751,
    0.8371462463322332,
    0.8345852592739008
  ],
  "dev_cer": [
    0.9929969362984516,
    0.5763097779123181,
    0.47604602541211216,
    0.41290157735302374,
    0.37758583065169765,
    0.3491485147326103,
    0.33115101099519884,
    0.3119966913229582,
    0.3058115396334536,
    0.28963757140192936,
    0.2923820830174978,
    0.27757690220744796,
    0.2745604264537515,
    0.2649145000209484,
    0.2636407086286239,
    0.25779311119975296,
    0.2547035043200806,
    0.24968795722047402,
    0.24168031341628707,
    0.23953260490638534,
    0.24132214303773858,
    0.23623556711445776,
    0.2347929286578391,
    0.23008228010017728,
    0.2234289800947065,
    0.22374078628768151,
    0.2252734079336166,
    0.22038955226099707,
    0.2173956431329276,
    0.21863855948852082,
    0.21594247486104884,
    0.2173055608501903,
    0.21303963499445602,
    0.20916004425356788,
    0.20862974226371808,
    0.20904239221758208,
    0.20544785956829084,
    0.20544557470925862,
    0.20260675244008144,
    0.20259550965432951,
    0.20056650543113574,
    0.2010981410453178,
    0.19951596277796024,
    0.1993390366948718,
    0.19834907036432683,
    0.1967259067469839,
    0.1975586905976964,
    0.19761941569097602,
    0.1964697224736351,
    0.19543852607200318,
    0.1950521125825995,
    0.19481620735862545,
    0.19468302456678935,
    0.19437513066020556,
    0.1938224486050109,
    0.1941728372697986,
    0.1938086828332688,
    0.19348370507690965,
    0.19354997459556794,
    0.19315425637317235
  ],
  "dev_wer": [
    0.9983063605570192,
    0.995144900263455,
    0.9842303349642454,
    0.969288671433948,
    0.9676326684230335,
    0.9433195333082424,
    0.9315393300715092,
    0.9180654873917953,
    0.9128340233345879,
    0.8931878057960105,
    0.8882950696273993,
    0.8802408731652239,
    0.8718855852465186,
    0.8615732028603689,
    0.859239744072262,
    0.8507339104252917,
    0.8484004516371848,
    0.8385773428678961,
    0.8307113285660519,
    0.8188558524651863,
    0.8270229582235604,
    0.8110651110274746,
    0.814264207753105,
    0.8022581859239744,
    0.7936394429808055,
    0.7911930748964998,
    0.7920587128340233,
    0.7938276251411366,
    0.7826872412495296,
    0.7757245013172751,
    0.7756492284531427,
    0.771321038765525,
    0.7640948438088069,
    0.7578848325178773,
    0.7607452013549115,
    0.7572450131727512,
    0.7508091832894241,
    0.7501317275122319,
    0.7427173503951825,
    0.744674444862627,
    0.7378622506586375,
    0.7367331576966504,
    0.7336846066992849,
    0.7331576966503576,
    0.7321791494166353,
    0.7283402333458788,
    0.731652239367708,
    0.7270605946556267,
    0.7257809559653745,
    0.723673315769665,
    0.7214151298456907,
    0.7207000376364321,
    0.7229582235604065,
    0.7229958599924727,
    0.7198343996989085,
    0.7203989461799022,
    0.7189311253293188,
    0.7187429431689876,
    0.7183665788483252,
    0.7172751223184042
  ],
  "lr": [
    0.0002916,
    0.00029980674696989366,
    0.00029920442458050093,
    0.00029819451369965036,
    0.0002967797824228689,
    0.000294964108430251,
    0.0002927524683580016,
    0.0002901509241578318,
    0.0002871666064815614,
    0.00028380769513650393,
    0.00028008339666518137,
    0.0002760039191108316,
    0.0002715804440378686,
    0.0002668250958839972,
    0.0002617509087279665,
    0.0002563717905640679,
    0.0002507024851812905,
    0.000244758531751622,
    0.0002385562222382524,
    0.00023211255674044002,
    0.00022544519689742117,
    0.00021857241747908285,
    0.0002115130562960903,
    0.000204286462566756,
    0.0001969124438821774,
    0.0001894112119150069,
    0.00018180332702066282,
    0.00017410964188282305,
    0.00016635124435766796,
    0.00015854939967353522,
    0.0001507254921444043,
    0.00014290096655697894,
    0.00013509726939201858,
    0.0001273357900410239,
    0.00011963780217940323,
    0.00011202440545680302,
    0.00010451646766443977,
    9.713456753793265e-05,
    8.989893835241801e-05,
    8.282941246455122e-05,
    7.594536695339424e-05,
    6.926567050918882e-05,
    6.280863171558904e-05,
    5.6591948867104756e-05,
    5.063266145930677e-05,
    4.4947103484755347e-05,
    3.955085866266034e-05,
    3.4458717724990715e-05,
    2.9684637876106176e-05,
    2.5241704537030415e-05,
    2.1142095479221333e-05,
    1.739704744614602e-05,
    1.401682535414793e-05,
    1.1010694157025104e-05,
    8.386893451435061e-06,
    6.152614892733768e-06,
    4.313982483147732e-06,
    2.876035786309925e-06,
    1.842716114165791e-06,
    1.2168557241116606e-06
  ],