{
  "epoch": [
    1,
    2,
    3,
    4,
    5,
    6,
    7,
    8,
    9,
    10,
    11,
    12,
    13,
    14,
    15,
    16,
    17,
    18,
    19,
    20,
    21,
    22,
    23,
    24,
    25,
    26,
    27,
    28,
    29,
    30,
    31,
    32,
    33,
    34,
    35,
    36,
    37,
    38,
    39,
    40,
    41,
    42,
    43,
    44,
    45,
    46,
    47,
    48,
    49,
    50,
    51,
    52,
    53,
    54,
    55,
    56,
    57,
    58,
    59,
    60
  ],
  "train_loss": [
    3.131532141701184,
    1.9776701600953874,
    1.5718737271587544,
    1.393663831453755,
    1.2831525928934906,
    1.1988620724942949,
    1.1591094268692865,
    1.1188765720084861,
    1.0597635335882996,
    1.0355481466148124,
    1.00001408092279,
    0.9685397470684208,
    0.9621299775049029,
    0.925999567096616,
    0.9209788180427787,
    0.8892295653682677,
    0.8750792587858168,
    0.853546463596968,
    0.8256688030904212,
    0.822460056639012,
    0.8098676329164348,
    0.8005698063246016,
    0.7726364495700279,
    0.7695844853488506,
    0.7638649857706494,
    0.7424904214133942,
    0.7359396317368182,
    0.7301536204883591,
    0.7158062759127637,
    0.7089057865824719,
    0.6884506208661162,
    0.67927656000779,
    0.6718599065954303,
    0.6611922892278114,
    0.6644755151782016,
    0.6663259429696166,
    0.6597948496846996,
    0.6480795261545927,
    0.6208843287739734,
    0.6245932186581961,
    0.6305698506503439,
    0.614709865286517,
    0.5895528599558544,
    0.6049966876521523,
    0.5916552974118127,
    0.6034458260599969,
    0.5759659682097749,
    0.5856597357326083,
    0.5811585298290959,
    0.591397232356876,
    0.5762580276271443,
    0.5849595916430645,
    0.5824968726546677,
    0.5713242242733637,
    0.5655741937489176,
    0.5711283706465866,
    0.5552415224750347,
    0.5695672346731272,
    0.5652785012996736,
    0.5682806604744967
  ],
  "dev_loss": [
    2.2538858268220547,
    1.5098418674226535,
    1.343619411274538,
    1.2468207529035664,
    1.1236710629220736,
    1.1261309264069896,
    1.044236786284689,
    1.0078593669301372,
    0.9924817565134016,
    0.9459926993665049,
    0.951712714160903,
    0.929958253088644,
    0.9405966769840758,
    0.8831679636644105,
    0.9150812880972684,
    0.8759522617368375,
    0.8779097863678205,
    0.8516162664203321,
    0.858405748666343,
    0.8580515248290563,
    0.8397530572394193,
    0.8302512110795005,
    0.8186579402220451,
    0.8159107169357397,
    0.8146558148881137,
    0.7997295384184789,
    0.811250780851154,
    0.8079814410815804,
    0.7989276627362785,
    0.7885059492062714,
    0.784376346206261,
    0.7841738770573826,
    0.7742793062480829,
    0.7579823010048624,
    0.7852370153039189,
    0.7708687898466142,
    0.7696878008418164,
    0.7744129012196751,
    0.7650506279226077,
    0.7651295131545955,
    0.7564213538573961,
    0.7609663850675195,
    0.7545340568837473,
    0.7554818715079356,
    0.7565694825123932,
    0.7481566465507119,
    0.7578940383963666,
    0.7542581873930106,
    0.7481805611464937,
    0.747408557998932,
    0.7456988601361291,
    0.7509846167039063,
    0.7488915048918482,
    0.7485691220578501,
    0.7498375548649643,
    0.7490757567397619,
    0.7467563124531407,
    0.7483172593480449,
    0.7475871448799715,
    0.7465928169125218
  ],
  "dev_cer": [
    0.6362769805219188,
    0.43687442201594,
    0.3854770856414,
    0.3511312632678282,
    0.3188877769202771,
    0.3136235735160608,
    0.2924922218024323,
    0.27973823127495107,
    0.2735325882119051,
    0.26329702926741255,
    0.26152167044663954,
    0.25238234924920067,
    0.2552626404729086,
    0.23926730274398947,
    0.2518836858976759,
    0.2402176322903363,
    0.236093840762408,
    0.23224483642165883,
    0.22619121885297375,
    0.22778888735234717,
    0.22505394074842333,
    0.21968860434671975,
    0.2187197885072871,
    0.21465029004067934,
    0.2147585967243423,
    0.21071459339585288,
    0.21256860486483575,
    0.21022370595627327,
    0.2070155615777106,
    0.2034016283777136,
    0.20278834322199957,
    0.20244655710790266,
    0.19949175659162724,
    0.1957638167869966,
    0.19906758611855585,
    0.1980947404046747,
    0.1971943252373065,
    0.19659716339595495,
    0.19301855959791964,
    0.19347883560430643,
    0.19187900002115096,
    0.19145826876530295,
    0.18975529810257524,
    0.18968395231440863,
    0.18997583601230578,
    0.18837455237867123,
    0.1892201215804311,
    0.1887631332151463,
    0.18728706425020714,
    0.18675128554119932,
    0.18651709704463948,
    0.18712763367646776,
    0.18550100683896018,
    0.18545461712989503,
    0.18554074827104663,
    0.1851101465057124,
    0.1850166945353663,
    0.1849723603788824,
    0.18508331657629368,
    0.1852262969861428
  ],
  "dev_wer": [
    0.9983063605570192,
    0.9782085058336469,
    0.9639442980805419,
    0.9392171622130222,
    0.9211893112532932,
    0.9158449378998871,
    0.904064734663154,
    0.8836657884832518,
    0.8756868648852089,
    0.8787730523146405,
    0.8712834023334588,
    0.8452389913436206,
    0.8614979299962363,
    0.8345878810688747,
    0.8463680843056078,
    0.8348136996612721,
    0.8365073391042529,
    0.8234474971772676,
    0.8110651110274746,
    0.8051938276251411,
    0.8056831012420023,
    0.7942792623259315,
    0.7965374482499059,
    0.7821226947685359,
    0.7793752352277005,
    0.7833646970267218,
    0.7736921339856981,
    0.7770417764395935,
    0.7709070380127964,
    0.764584117425668,
    0.7592773805043281,
    0.7618742943168988,
    0.7512984569062853,
    0.748889725254046,
    0.7570944674444863,
    0.7500940910801656,
    0.7435829883327061,
    0.7433571697403086,
    0.7322167858487015,
    0.736055701919458,
    0.7312382386149793,
    0.7278509597290177,
    0.7284531426420775,
    0.7248024087316522,
    0.728678961234475,
    0.7197214904027098,
    0.7246894994354535,
    0.7223936770794128,
    0.7210387655250282,
    0.7210387655250282,
    0.7190816710575837,
    0.7185547610086563,
    0.7193827625141137,
    0.7193827625141137,
    0.7182913059841927,
    0.7176891230711329,
    0.7149792999623635,
    0.7157696650357546,
    0.7163342115167483,
    0.7173127587504704
  ],
  "lr": [
    0.0002916,
    0.00029980674696989366,
    0.00029920442458050093,
    0.00029819451369965036,
    0.0002967797824228689,
    0.000294964108430251,
    0.0002927524683580016,
    0.0002901509241578318,
    0.0002871666064815614,
    0.00028380769513650393,
    0.00028008339666518137,
    0.0002760039191108316,
    0.0002715804440378686,
    0.0002668250958839972,
    0.0002617509087279665,
    0.0002563717905640679,
    0.0002507024851812905,
    0.000244758531751622,
    0.0002385562222382524,
    0.00023211255674044002,
    0.00022544519689742117,
    0.00021857241747908285,
    0.0002115130562960903,
    0.000204286462566756,
    0.0001969124438821774,
    0.0001894112119150069,
    0.00018180332702066282,
    0.00017410964188282305,
    0.00016635124435766796,
    0.00015854939967353522,
    0.0001507254921444043,
    0.00014290096655697894,
    0.00013509726939201858,
    0.0001273357900410239,
    0.00011963780217940323,
    0.00011202440545680302,
    0.00010451646766443977,
    9.713456753793265e-05,
    8.989893835241801e-05,
    8.282941246455122e-05,
    7.594536695339424e-05,
    6.926567050918882e-05,
    6.280863171558904e-05,
    5.6591948867104756e-05,
    5.063266145930677e-05,
    4.4947103484755347e-05,
    3.955085866266034e-05,
    3.4458717724990715e-05,
    2.9684637876106176e-05,
    2.5241704537030415e-05,
    2.1142095479221333e-05,
    1.739704744614602e-05,
    1.401682535414793e-05,
    1.1010694157025104e-05,
    8.386893451435061e-06,
    6.152614892733768e-06,
    4.313982483147732e-06,
    2.876035786309925e-06,
    1.842716114165791e-06,
    1.2168557241116606e-06
  ],