{
  "epoch": [
    1,
    2,
    3,
    4,
    5,
    6,
    7,
    8,
    9,
    10,
    11,
    12,
    13,
    14,
    15,
    16,
    17,
    18,
    19,
    20,
    21,
    22,
    23,
    24,
    25,
    26,
    27,
    28,
    29,
    30,
    31,
    32,
    33,
    34,
    35,
    36,
    37,
    38,
    39,
    40,
    41,
    42,
    43,
    44,
    45,
    46,
    47,
    48,
    49,
    50,
    51,
    52,
    53,
    54,
    55,
    56,
    57,
    58,
    59,
    60
  ],
  "train_loss": [
    3.3745610664901418,
    2.376810164853869,
    1.7894165859300903,
    1.5586255099547743,
    1.4155570329952631,
    1.3047577872443101,
    1.2430849069185217,
    1.1900458284366278,
    1.1280223973739294,
    1.0921615853967,
    1.0495146958180417,
    1.0144603259769487,
    1.009328126294132,
    0.9624454182852443,
    0.9529053563934294,
    0.9169824308573954,
    0.9046840711876198,
    0.8763562049640059,
    0.8553769405731939,
    0.847924334951389,
    0.8328014119171802,
    0.8237078680423061,
    0.7940021227784608,
    0.7909210646226082,
    0.7761942984635938,
    0.7581720354625717,
    0.7485193355706493,
    0.7469420352713071,
    0.733628722804564,
    0.7230653751779486,
    0.6979585198585879,
    0.6967714617772357,
    0.6856522498797978,
    0.6776978301167979,
    0.6752553452802784,
    0.6753541563518743,
    0.6716058181269179,
    0.6591696433201739,
    0.6350570670003263,
    0.6352738067814352,
    0.6426743643028746,
    0.6242760134699904,
    0.6019817771612371,
    0.6154048996575084,
    0.6046659644739127,
    0.6119125891369557,
    0.5866347209171012,
    0.5963683465626014,
    0.5913527480981968,
    0.6017214822057834,
    0.5857230540165685,
    0.5938986490476769,
    0.5918066605864238,
    0.5809110155321443,
    0.5740871403381658,
    0.5787687303168784,
    0.5621166192148448,
    0.5809945653004901,
    0.5722888937457599,
    0.577301357478026
  ],
  "dev_loss": [
    3.4627153792623746,
    1.843954516669451,
    1.5725157664994063,
    1.4254750164888672,
    1.288405348183745,
    1.233254318520174,
    1.1328250043473,
    1.0992058333704027,
    1.0566570122363204,
    1.0476449621936021,
    1.0498731292910495,
    1.0197900720572068,
    0.9840481700533528,
    0.9663413303383326,
    0.9535787024740445,
    0.914382195068618,
    0.9059877501705945,
    0.9107209317764994,
    0.893732236098435,
    0.8719930186615152,
    0.88897613600149,
    0.8902891179767706,
    0.8451480420969301,
    0.8720691686464568,
    0.8454641247704878,
    0.8572629202725524,
    0.8280914026801869,
    0.8552738082105831,
    0.8422462950318547,
    0.815951542076418,
    0.822734739820836,
    0.8195906400175418,
    0.8076231252338927,
    0.8029483892654968,
    0.7998825879925389,
    0.8148950924307613,
    0.8197898586927834,
    0.7958226037227502,
    0.795147591475713,
    0.7963305383415545,
    0.7788632875781948,
    0.7956249249183526,
    0.7828546744787087,
    0.7873625702272027,
    0.7865815132351245,
    0.7777352103237378,
    0.7771619308297917,
    0.784697203060328,
    0.7856227467625828,
    0.7782147524215407,
    0.7797327607364978,
    0.7767815647994057,
    0.778870762404749,
    0.774368731399714,
    0.7806134340116533,
    0.7835926153397156,
    0.7799266953084428,
    0.7772652304778664,
    0.7793817424168021,
    0.778027975963334
  ],
  "dev_cer": [
    0.9778852745973433,
    0.5090052038832177,
    0.4233941855775055,
    0.38104804093720723,
    0.3434975312446559,
    0.3220067114097819,
    0.2984819945145077,
    0.2854577462358935,
    0.2764582446360476,
    0.2671677067972846,
    0.2613323186007123,
    0.26070321372524985,
    0.24846859440395716,
    0.2384780701150006,
    0.24033037488203718,
    0.2300878838170884,
    0.227297297873323,
    0.22464654262250214,
    0.2203747809945592,
    0.21334119670249418,
    0.21618326527161838,
    0.2123137566710513,
    0.2076419285401287,
    0.20848325346789304,
    0.20528051608134,
    0.20436624285477173,
    0.20008641760627138,
    0.20219744641439344,
    0.19779986785553527,
    0.1972192324109897,
    0.19244039580814626,
    0.19432788345829388,
    0.19200600235080317,
    0.19021742063806532,
    0.1886557555473697,
    0.1880761947615849,
    0.1873810064979581,
    0.1858213051804684,
    0.18399334677197046,
    0.18287057922250088,
    0.18219965189867912,
    0.18071996737554766,
    0.18083602178415134,
    0.18008975866782076,
    0.1802593353436698,
    0.17952558438297056,
    0.1790639729363586,
    0.17940502683727316,
    0.17857541603897187,
    0.17711897530359563,
    0.17655134099836803,
    0.17657786907115827,
    0.1772893243306823,
    0.17601509956412692,
    0.175869141881357,
    0.1758552467309324,
    0.17592969556543608,
    0.17586867586052812,
    0.1758302425507811,
    0.17567130790777347
  ],
  "dev_wer": [
    0.9991343620624765,
    0.9987203613097478,
    0.9796386902521641,
    0.9654497553631916,
    0.9535190063981934,
    0.9400451637184795,
    0.9108392924350771,
    0.903613097478359,
    0.891531802785096,
    0.8863379751599548,
    0.8736921339856981,
    0.8747083176514866,
    0.8583364697026722,
    0.841851712457659,
    0.845615355664283,
    0.8343620624764773,
    0.824915318027851,
    0.8192698532179149,
    0.8101994730899511,
    0.8001505457282649,
    0.8010538200978548,
    0.7952578095596537,
    0.7927738050432819,
    0.7869777945050809,
    0.7744824990590892,
    0.7747083176514866,
    0.7643582988332706,
    0.772412495295446,
    0.7564170116672939,
    0.7587504704554008,
    0.7477606322920587,
    0.7478359051561911,
    0.743884079789236,
    0.7375611592021076,
    0.7343996989085435,
    0.7334587881068875,
    0.7340986074520135,
    0.7259315016936394,
    0.724764772299586,
    0.725705683101242,
    0.7190440346255175,
    0.718027850959729,
    0.7153933007150922,
    0.7105758374106135,
    0.7091456529920963,
    0.7080541964621754,
    0.7108016560030109,
    0.7073391042529168,
    0.7048927361686113,
    0.7035378246142265,
    0.7023334587881069,
    0.7024840045163718,
    0.7046669175762138,
    0.6997741814076026,
    0.7004516371847949,
    0.6995483628152052,
    0.6992472713586751,
    0.6999623635679337,
    0.6999623635679337,
    0.6994730899510726
  ],
  "lr": [
    0.0002916,
    0.00029980674696989366,
    0.00029920442458050093,
    0.00029819451369965036,
    0.0002967797824228689,
    0.000294964108430251,
    0.0002927524683580016,
    0.0002901509241578318,
    0.0002871666064815614,
    0.00028380769513650393,
    0.00028008339666518137,
    0.0002760039191108316,
    0.0002715804440378686,
    0.0002668250958839972,
    0.0002617509087279665,
    0.0002563717905640679,
    0.0002507024851812905,
    0.000244758531751622,
    0.0002385562222382524,
    0.00023211255674044002,
    0.00022544519689742117,
    0.00021857241747908285,
    0.0002115130562960903,
    0.000204286462566756,
    0.0001969124438821774,
    0.0001894112119150069,
    0.00018180332702066282,
    0.00017410964188282305,
    0.00016635124435766796,
    0.00015854939967353522,
    0.0001507254921444043,
    0.00014290096655697894,
    0.00013509726939201858,
    0.0001273357900410239,
    0.00011963780217940323,
    0.00011202440545680302,
    0.00010451646766443977,
    9.713456753793265e-05,
    8.989893835241801e-05,
    8.282941246455122e-05,
    7.594536695339424e-05,
    6.926567050918882e-05,
    6.280863171558904e-05,
    5.6591948867104756e-05,
    5.063266145930677e-05,
    4.4947103484755347e-05,
    3.955085866266034e-05,
    3.4458717724990715e-05,
    2.9684637876106176e-05,
    2.5241704537030415e-05,
    2.1142095479221333e-05,
    1.739704744614602e-05,
    1.401682535414793e-05,
    1.1010694157025104e-05,
    8.386893451435061e-06,
    6.152614892733768e-06,
    4.313982483147732e-06,
    2.876035786309925e-06,
    1.842716114165791e-06,
    1.2168557241116606e-06
  ],