{
  "epoch": [
    1,
    2,
    3,
    4,
    5,
    6,
    7,
    8,
    9,
    10,
    11,
    12,
    13,
    14,
    15,
    16,
    17,
    18,
    19,
    20,
    21,
    22,
    23,
    24,
    25,
    26,
    27,
    28,
    29,
    30,
    31,
    32,
    33,
    34,
    35,
    36,
    37,
    38,
    39,
    40,
    41,
    42,
    43,
    44,
    45,
    46,
    47,
    48,
    49,
    50,
    51,
    52,
    53,
    54,
    55,
    56,
    57,
    58,
    59,
    60
  ],
  "train_loss": [
    3.385821829116884,
    2.5640220671524236,
    1.927680833840076,
    1.6763313922862457,
    1.5207572429759022,
    1.3959960936273568,
    1.3244526679378479,
    1.2701189714204137,
    1.203970231269122,
    1.1604541145234442,
    1.1216431705304135,
    1.084718073223844,
    1.0698056490823564,
    1.0261783119091772,
    1.0091336235833266,
    0.9752082570835396,
    0.9643506000561969,
    0.9331174507553195,
    0.9076338195751724,
    0.8986114129853346,
    0.879857021288126,
    0.8711143906837628,
    0.8410958840891167,
    0.837210803917406,
    0.8203193495057738,
    0.8039447982860691,
    0.7883201080217282,
    0.7858056566474859,
    0.7729798876699597,
    0.7632461930989238,
    0.7360382032247237,
    0.7352883775906308,
    0.7237386151596352,
    0.7127380221468922,
    0.7124757009401242,
    0.7128833020297588,
    0.7058490062201465,
    0.6929677048460446,
    0.6709661727824819,
    0.6708470573763788,
    0.6757122793928586,
    0.6573786017458134,
    0.6349149246397332,
    0.6493438818327193,
    0.6362975706411488,
    0.6458776869768958,
    0.6185153154311357,
    0.6301501424592219,
    0.6228970065406321,
    0.6350720695262093,
    0.6182362341586455,
    0.6256185534559651,
    0.6251972970157984,
    0.6123907608995712,
    0.6059526761863457,
    0.6120504803127713,
    0.5963161182992253,
    0.6116367626337358,
    0.6056544792382315,
    0.6097136377797696
  ],
  "dev_loss": [
    3.413403155439991,
    2.006516046443228,
    1.7153258707563757,
    1.541898110155332,
    1.3980884541899472,
    1.2940180337024947,
    1.2245598349530817,
    1.1801066156161033,
    1.1674193977299383,
    1.1104787300198764,
    1.101669823214159,
    1.0818004360643483,
    1.0595758577524605,
    1.0123495626247536,
    1.005443233049522,
    0.99281799742731,
    0.9869944478495646,
    0.9749002113180646,
    0.9603976380016844,
    0.9458015212568186,
    0.9481695314585152,
    0.9232327273841632,
    0.9081212552422184,
    0.9154212651616436,
    0.8902237395108756,
    0.9003944139359361,
    0.8748592370647496,
    0.9131684553320125,
    0.9013466499114441,
    0.8853490537000914,
    0.8655492948778605,
    0.8721839623936152,
    0.862067423887172,
    0.8335412349236213,
    0.8505521873801442,
    0.8564999325800751,
    0.8452172519291862,
    0.8551956581867347,
    0.8421644773018562,
    0.8308800825123059,
    0.8273051765005467,
    0.8368838959831303,
    0.824824776942447,
    0.8186326559822438,
    0.8256115807315051,
    0.8167863336660094,
    0.8282364551293648,
    0.8171219762604115,
    0.8175548880787219,
    0.8135474508596678,
    0.8164685429152796,
    0.8137573582136025,
    0.8152626318446661,
    0.8149426907806073,
    0.8131418427673437,
    0.815370047749099,
    0.8146179204775115,
    0.8141577983811751,
    0.8153575171353453,
    0.8142272067272057
  ],
  "dev_cer": [
    0.9886509120979982,
    0.5678161614143685,
    0.4728556238474881,
    0.4179661626404125,
    0.37990504040286605,
    0.3463072398012433,
    0.3281197453327838,
    0.31273724306328854,
    0.3050187665306584,
    0.2930778845806123,
    0.2848525258456197,
    0.28367364831890896,
    0.27356554543751666,
    0.2624742532930755,
    0.26222410843780825,
    0.25482750379893443,
    0.2525233448269178,
    0.24513566247726773,
    0.24409219168676738,
    0.23711743905835214,
    0.23753628924959086,
    0.23258551225706703,
    0.23142272925719107,
    0.2273711587003176,
    0.22249590564461458,
    0.2212352560609003,
    0.21902015928523713,
    0.22055650741181962,
    0.21819832939929512,
    0.2160508802140766,
    0.21160554386548694,
    0.2107749631500335,
    0.20939628311143704,
    0.20593656289589377,
    0.2063498424063383,
    0.20503553601650165,
    0.20101112807962063,
    0.20199235403166108,
    0.20043659963568025,
    0.19916631805922008,
    0.19834080256237038,
    0.19766087603871652,
    0.1959026557175885,
    0.19521276633261106,
    0.19592074028693068,
    0.1943517395716992,
    0.19579237855332826,
    0.19421073547945622,
    0.19243669336292826,
    0.19254190203816623,
    0.1923852263443787,
    0.1923279742502726,
    0.1916384806041776,
    0.19129150098112255,
    0.19105010247844764,
    0.1909782698909528,
    0.19124767454426936,
    0.19101525613040335,
    0.19120816342899008,
    0.19092207900975675
  ],
  "dev_wer": [
    0.9993601806548739,
    0.9942792623259316,
    0.9852841550621001,
    0.9743695897628905,
    0.9603312006021829,
    0.9454271735039518,
    0.928678961234475,
    0.9156191193074896,
    0.9174256680466691,
    0.8937899887090703,
    0.8876552502822732,
    0.8832894241625894,
    0.8727888596161084,
    0.8597666541211894,
    0.8595031990967257,
    0.8538953707188559,
    0.8474595408355288,
    0.8308242378622507,
    0.8336846066992849,
    0.8151298456906285,
    0.8217538577342868,
    0.8062852841550621,
    0.8088069251035002,
    0.8001881821603312,
    0.7881445238991344,
    0.7920587128340233,
    0.7805796010538201,
    0.7914188934888973,
    0.7850959729017689,
    0.7767406849830636,
    0.7686864885208882,
    0.7578095596537449,
    0.7566051938276251,
    0.757508468197215,
    0.753933007150922,
    0.7466691757621378,
    0.7430560782837787,
    0.7383891607075649,
    0.7367331576966504,
    0.7339104252916824,
    0.7311629657508468,
    0.7291682348513361,
    0.7265336846066993,
    0.7237109522017313,
    0.7270229582235604,
    0.7241249529544599,
    0.72882950696274,
    0.721942039894618,
    0.7193827625141137,
    0.7203236733157696,
    0.7166729394053444,
    0.7177643959352653,
    0.715995483628152,
    0.7158449378998871,
    0.7166353029732782,
    0.7149040270982311,
    0.7134738426797139,
    0.7138125705683102,
    0.7138502070003764,
    0.7139254798645088
  ],
  "lr": [
    0.0002916,
    0.00029980674696989366,
    0.00029920442458050093,
    0.00029819451369965036,
    0.0002967797824228689,
    0.000294964108430251,
    0.0002927524683580016,
    0.0002901509241578318,
    0.0002871666064815614,
    0.00028380769513650393,
    0.00028008339666518137,
    0.0002760039191108316,
    0.0002715804440378686,
    0.0002668250958839972,
    0.0002617509087279665,
    0.0002563717905640679,
    0.0002507024851812905,
    0.000244758531751622,
    0.0002385562222382524,
    0.00023211255674044002,
    0.00022544519689742117,
    0.00021857241747908285,
    0.0002115130562960903,
    0.000204286462566756,
    0.0001969124438821774,
    0.0001894112119150069,
    0.00018180332702066282,
    0.00017410964188282305,
    0.00016635124435766796,
    0.00015854939967353522,
    0.0001507254921444043,
    0.00014290096655697894,
    0.00013509726939201858,
    0.0001273357900410239,
    0.00011963780217940323,
    0.00011202440545680302,
    0.00010451646766443977,
    9.713456753793265e-05,
    8.989893835241801e-05,
    8.282941246455122e-05,
    7.594536695339424e-05,
    6.926567050918882e-05,
    6.280863171558904e-05,
    5.6591948867104756e-05,
    5.063266145930677e-05,
    4.4947103484755347e-05,
    3.955085866266034e-05,
    3.4458717724990715e-05,
    2.9684637876106176e-05,
    2.5241704537030415e-05,
    2.1142095479221333e-05,
    1.739704744614602e-05,
    1.401682535414793e-05,
    1.1010694157025104e-05,
    8.386893451435061e-06,
    6.152614892733768e-06,
    4.313982483147732e-06,
    2.876035786309925e-06,
    1.842716114165791e-06,
    1.2168557241116606e-06
  ],