{
  "checkpoint": "outputs/s7a_dphi_rwkv6_rse_dphi_viscosity_seed42/best_model.pt",
  "run_dir": "outputs/s7a_dphi_rwkv6_rse_dphi_viscosity_seed42",
  "backbone": "rwkv6_rse_dphi_viscosity",
  "has_dphi": true,
  "best_cer": 0.12173865420807152,
  "epoch": 29,
  "n_utterances": 120,
  "strong_theta_clip": 1.5707963267948966,
  "static_viscosity_eta": {
    "0": {
      "mean": 0.05203092470765114,
      "std": 0.04132116585969925,
      "max_abs": 0.2603568434715271,
      "per_head_mean": [
        0.07601524889469147,
        0.06756404042243958,
        0.030517350882291794,
        0.03402704373002052
      ],
      "per_head_max": [
        0.2603568434715271,
        0.10933346301317215,
        0.09594632685184479,
        0.06925318390130997
      ]
    },
    "1": {
      "mean": 0.04582994431257248,
      "std": 0.04505326598882675,
      "max_abs": 0.15814051032066345,
      "per_head_mean": [
        0.09122087806463242,
        0.05240360274910927,
        0.028121106326580048,
        0.011574206873774529
      ],
      "per_head_max": [
        0.15814051032066345,
        0.10378031432628632,
        0.09494730830192566,
        0.0749565064907074
      ]
    },
    "2": {
      "mean": 0.048779841512441635,
      "std": 0.046064529567956924,
      "max_abs": 0.2094789445400238,
      "per_head_mean": [
        0.099890798330307,
        0.05426909774541855,
        0.028104251250624657,
        0.012855218723416328
      ],
      "per_head_max": [
        0.2094789445400238,
        0.1023244857788086,
        0.08652639389038086,
        0.08142699301242828
      ]
    },
    "3": {
      "mean": 0.03670380264520645,
      "std": 0.04567514732480049,
      "max_abs": 0.15227968990802765,
      "per_head_mean": [
        0.06901154667139053,
        0.06175888329744339,
        0.02617713063955307,
        -0.010132331401109695
      ],
      "per_head_max": [
        0.15227968990802765,
        0.14363719522953033,
        0.0987103059887886,
        0.0754096508026123
      ]
    },
    "4": {
      "mean": 0.049366023391485214,
      "std": 0.06393353641033173,
      "max_abs": 0.209455206990242,
      "per_head_mean": [
        0.10556736588478088,
        0.06780269742012024,
        0.04566536843776703,
        -0.02157134935259819
      ],
      "per_head_max": [
        0.209455206990242,
        0.1353885978460312,
        0.14000722765922546,
        0.10280690342187881
      ]
    },
    "5": {
      "mean": 0.022501885890960693,
      "std": 0.07071958482265472,
      "max_abs": 0.2161381095647812,
      "per_head_mean": [
        0.056639980524778366,
        0.038595620542764664,
        0.017159918323159218,
        -0.022387972101569176
      ],
      "per_head_max": [
        0.20243696868419647,
        0.17442120611667633,
        0.2161381095647812,
        0.1426788568496704
      ]
    }
  },
  "static_readphase": {
    "0": {
      "W_fnorm": 6.441410541534424,
      "W_inf": 0.16342851519584656,
      "b_l2": 0.2141282558441162,
      "b_inf": 0.05055193230509758,
      "readphase_clip": 3.141592653589793
    },
    "1": {
      "W_fnorm": 5.81427526473999,
      "W_inf": 0.12939360737800598,
      "b_l2": 0.2062595635652542,
      "b_inf": 0.06794985383749008,
      "readphase_clip": 3.141592653589793
    },
    "2": {
      "W_fnorm": 5.635793209075928,
      "W_inf": 0.13627989590168,
      "b_l2": 0.20647378265857697,
      "b_inf": 0.05045178532600403,
      "readphase_clip": 3.141592653589793
    },
    "3": {
      "W_fnorm": 5.625575542449951,
      "W_inf": 0.14258542656898499,
      "b_l2": 0.250264436006546,
      "b_inf": 0.06793875247240067,
      "readphase_clip": 3.141592653589793
    },
    "4": {
      "W_fnorm": 5.614487171173096,
      "W_inf": 0.14729243516921997,
      "b_l2": 0.271626353263855,
      "b_inf": 0.13483069837093353,
      "readphase_clip": 3.141592653589793
    },
    "5": {
      "W_fnorm": 5.535717964172363,
      "W_inf": 0.1398288756608963,
      "b_l2": 0.30294710397720337,
      "b_inf": 0.10750994831323624,
      "readphase_clip": 3.141592653589793
    }
  },
  "D1_theta_saturation": {
    "0": {
      "p1": {
        "mean": 0.09586207568645477,
        "std": 0.5671929717063904,
        "p50_abs_over_clip": 0.2159162163734436,
        "p95_abs_over_clip": 0.7607216835021973,
        "p99_abs_over_clip": 0.8933286666870117,
        "fraction_saturated": 0.0020475226823185415,
        "n_samples": 2976768
      }
    },
    "1": {
      "p1": {
        "mean": -0.021357642486691475,
        "std": 0.26493939757347107,
        "p50_abs_over_clip": 0.09967324137687683,
        "p95_abs_over_clip": 0.3410995602607727,
        "p99_abs_over_clip": 0.4665614664554596,
        "fraction_saturated": 0.0,
        "n_samples": 2976768
      }
    },
    "2": {
      "p1": {
        "mean": 0.05528724938631058,
        "std": 0.3270682394504547,
        "p50_abs_over_clip": 0.1237698346376419,
        "p95_abs_over_clip": 0.42836979031562805,
        "p99_abs_over_clip": 0.6686530113220215,
        "fraction_saturated": 0.00023817778207774337,
        "n_samples": 2976768
      }
    },
    "3": {
      "p1": {
        "mean": -0.042529236525297165,
        "std": 0.37597277760505676,
        "p50_abs_over_clip": 0.15305542945861816,
        "p95_abs_over_clip": 0.47686633467674255,
        "p99_abs_over_clip": 0.6711838841438293,
        "fraction_saturated": 0.0006967288011695906,
        "n_samples": 2976768
      }
    },
    "4": {
      "p1": {
        "mean": -0.008477488532662392,
        "std": 0.3088764250278473,
        "p50_abs_over_clip": 0.11605924367904663,
        "p95_abs_over_clip": 0.4039674997329712,
        "p99_abs_over_clip": 0.5841751098632812,
        "fraction_saturated": 0.0,
        "n_samples": 2976768
      }
    },
    "5": {
      "p1": {
        "mean": -0.018733499571681023,
        "std": 0.33431777358055115,
        "p50_abs_over_clip": 0.13178612291812897,
        "p95_abs_over_clip": 0.42644181847572327,
        "p99_abs_over_clip": 0.6272326111793518,
        "fraction_saturated": 9.742109563123494e-06,
        "n_samples": 2976768
      }
    }
  },
  "D2_quadrature_amplitude": {
    "0": {
      "re_mean_global": 92.6561279296875,
      "im_mean_global": 22.917261123657227,
      "im_over_re_global": 0.2473367022313715,
      "im_over_re_blockwise_p50": 0.9174927473068237,
      "im_over_re_blockwise_p95": 1.4752081632614136,
      "state_im_over_re_mean": 1.318650722503662,
      "per_head_re": [
        307.1291809082031,
        22.828115463256836,
        23.89179229736328,
        16.775426864624023
      ],
      "per_head_im": [
        67.34046936035156,
        6.215187072753906,
        11.500910758972168,
        6.612483501434326
      ],
      "im_over_re_global_postrot": 0.4343369619743649,
      "im_over_re_blockwise_p50_postrot": 0.9478390216827393,
      "im_over_re_blockwise_p95_postrot": 1.3009178638458252
    },
    "1": {
      "re_mean_global": 133.16734313964844,
      "im_mean_global": 43.89411544799805,
      "im_over_re_global": 0.32961621380376516,
      "im_over_re_blockwise_p50": 0.9050581455230713,
      "im_over_re_blockwise_p95": 1.1476407051086426,
      "state_im_over_re_mean": 1.0804853439331055,
      "per_head_re": [
        187.81068420410156,
        191.7101287841797,
        97.49829864501953,
        55.6502799987793
      ],
      "per_head_im": [
        70.62765502929688,
        56.91334915161133,
        29.042078018188477,
        18.99337387084961
      ],
      "im_over_re_global_postrot": 0.8059016521110213,
      "im_over_re_blockwise_p50_postrot": 0.9361306428909302,
      "im_over_re_blockwise_p95_postrot": 1.0520731210708618
    },
    "2": {
      "re_mean_global": 130.95458984375,
      "im_mean_global": 42.84571075439453,
      "im_over_re_global": 0.3271799087417712,
      "im_over_re_blockwise_p50": 0.9228548407554626,
      "im_over_re_blockwise_p95": 1.1497862339019775,