{
  "epoch": [
    1,
    2,
    3,
    4,
    5,
    6,
    7,
    8,
    9,
    10,
    11,
    12,
    13,
    14,
    15,
    16,
    17,
    18,
    19,
    20,
    21,
    22,
    23,
    24,
    25,
    26,
    27,
    28,
    29,
    30,
    31,
    32,
    33,
    34,
    35,
    36,
    37,
    38,
    39,
    40,
    41,
    42,
    43,
    44,
    45,
    46,
    47,
    48,
    49,
    50,
    51,
    52,
    53,
    54,
    55,
    56,
    57,
    58,
    59,
    60
  ],
  "train_loss": [
    3.3610565760498674,
    2.4783425235453946,
    1.930550663559525,
    1.6810921092092255,
    1.5290348105469849,
    1.4064887646784998,
    1.3397617138952875,
    1.282126400083181,
    1.2235390761016327,
    1.1788985130718215,
    1.140877096496001,
    1.1026218941918127,
    1.0920008322829573,
    1.044559666158731,
    1.0348267489009433,
    1.0015239662839552,
    0.983862620690232,
    0.9579214397281286,
    0.9327700051015296,
    0.9200010174586449,
    0.905924310777413,
    0.8985284076306065,
    0.8718037065655115,
    0.865507759675077,
    0.8503628116208339,
    0.8350088504974734,
    0.8212554701929721,
    0.8189516057693419,
    0.8079065129222203,
    0.7971168811061254,
    0.7729812449020613,
    0.7708287226810376,
    0.7600841128531798,
    0.7499622278252747,
    0.7516095769503479,
    0.750139121226813,
    0.7434485341909001,
    0.7329449881128813,
    0.7071465171658944,
    0.7096821540667687,
    0.7162649954052128,
    0.698893044956427,
    0.675643576945297,
    0.6896317735498334,
    0.6793140491830959,
    0.6884834284399762,
    0.6613187375995848,
    0.6699338638733444,
    0.6646370442561161,
    0.6773186425981208,
    0.6594313020691459,
    0.6671141265228452,
    0.6657132097968349,
    0.6520955887596303,
    0.6486066349862535,
    0.6537034194533227,
    0.6354007320516885,
    0.6527525842067146,
    0.6468836341375186,
    0.6512303730710544
  ],
  "dev_loss": [
    3.5400693921719566,
    2.0252951131028643,
    1.6848295219873979,
    1.529711407119945,
    1.3884604386353896,
    1.3252744113994857,
    1.2556573890023313,
    1.2160924582158106,
    1.1781125275765436,
    1.1456568902831967,
    1.1322517945604809,
    1.1442665068779962,
    1.1156165690745337,
    1.0666097730903301,
    1.0655743732290752,
    1.0321479045738609,
    1.0149384575375056,
    1.0141167130510687,
    0.9861424325381295,
    0.9947895033884857,
    0.9960602340051683,
    0.9883059980505604,
    0.9656179739257037,
    0.9636599507372258,
    0.9541190594939862,
    0.9511569142341614,
    0.9355188274787645,
    0.9451756219742662,
    0.9481986829284894,
    0.9247923160003404,
    0.9310322802955822,
    0.9198366868293891,
    0.9104062755734234,
    0.910583216254994,
    0.9126694616624864,
    0.9166538710311308,
    0.8934077655864974,
    0.9091778561725454,
    0.8942753970623016,
    0.8979644734980696,
    0.8904855875140529,
    0.893556661019891,
    0.8883579330424131,
    0.898114996188778,
    0.8926231648962376,
    0.888994374517667,
    0.8964344321166055,
    0.8999735786248062,
    0.892531441177352,
    0.8825839156821623,
    0.8907580264544083,
    0.8904535282971495,
    0.8875713883820227,
    0.8881431795277838,
    0.885312431697118,
    0.883948280397108,
    0.8867357731875727,
    0.8865439391742318,
    0.8854627139487509,
    0.8842358374494618
  ],
  "dev_cer": [
    0.9678488780196459,
    0.5566435937322416,
    0.46065229706209115,
    0.4120616552109124,
    0.3761933529309859,
    0.35035265358397316,
    0.33142259645441263,
    0.31728162495514506,
    0.30484570094455843,
    0.2968140851587109,
    0.2932870033047724,
    0.29322848210544405,
    0.28177162722648375,
    0.26913609984603776,
    0.2677040905041091,
    0.2579569675758216,
    0.2551444648782057,
    0.2520967643184505,
    0.24715918677175122,
    0.2466087111354163,
    0.24618363317861497,
    0.2435197526973348,
    0.24058337327643495,
    0.23667337304803165,
    0.23549525761200105,
    0.23174177619486416,
    0.22878907744484134,
    0.22881433488233838,
    0.22588948095531675,
    0.2253155816557828,
    0.22334828677692992,
    0.2231951640513668,
    0.21883448318979484,
    0.21876900522241868,
    0.21863938482272907,
    0.21685364382879838,
    0.21409245975680657,
    0.21540949480328436,
    0.21287839127464672,
    0.21205643093743803,
    0.2125896946615589,
    0.21165635855722445,
    0.20957378817867886,
    0.21031088112608565,
    0.20859503766105278,
    0.2088743233640608,
    0.20921989428545987,
    0.20962020073647697,
    0.20791993541097453,
    0.2062795936846483,
    0.20702554846031537,
    0.2064903545889301,
    0.20593572162652043,
    0.20615787894122772,
    0.20544106358240866,
    0.20494706937538282,
    0.20525830595336,
    0.20510970224878766,
    0.2051258885747966,
    0.20482483496675777
  ],
  "dev_wer": [
    0.9996989085434701,
    0.9995483628152051,
    0.9928490779074144,
    0.9814452389913436,
    0.9648475724501318,
    0.9555513737297704,
    0.9439217162213023,
    0.9324049680090327,
    0.9219044034625518,
    0.9145276627775687,
    0.9086563793752352,
    0.9130222054949191,
    0.8969138125705683,
    0.8864132480240873,
    0.8895747083176515,
    0.8726006774557772,
    0.870530673692134,
    0.8653744824990591,
    0.858148287542341,
    0.8562288295069628,
    0.8606322920587128,
    0.8511855476100866,
    0.85235227700414,
    0.8392924350771547,
    0.8301844185171245,
    0.8333082423786226,
    0.8255927738050433,
    0.8384644335716974,
    0.8193451260820475,
    0.8179525780955965,
    0.8132856605193828,
    0.8104629281144148,
    0.8045540082800151,
    0.8090327436958976,
    0.8053443733534061,
    0.8000752728641325,
    0.7968009032743696,
    0.794655626646594,
    0.7916447120812947,
    0.7931125329318781,
    0.7973278133232969,
    0.7914565299209635,
    0.7861497929996236,
    0.7889348889725254,
    0.7897628904779826,
    0.7851336093338351,
    0.7879187053067369,
    0.7868648852088822,
    0.7850583364697027,
    0.7805796010538201,
    0.7829130598419269,
    0.7812194203989462,
    0.7802785095972902,
    0.7786601430184419,
    0.7788106887467068,
    0.7790741437711705,
    0.7806172374858863,
    0.7795634173880316,
    0.7794505080918329,
    0.7805419646217538
  ],
  "lr": [
    0.0002916,
    0.00029980674696989366,
    0.00029920442458050093,
    0.00029819451369965036,
    0.0002967797824228689,
    0.000294964108430251,
    0.0002927524683580016,
    0.0002901509241578318,
    0.0002871666064815614,
    0.00028380769513650393,
    0.00028008339666518137,
    0.0002760039191108316,
    0.0002715804440378686,
    0.0002668250958839972,
    0.0002617509087279665,
    0.0002563717905640679,
    0.0002507024851812905,
    0.000244758531751622,
    0.0002385562222382524,
    0.00023211255674044002,
    0.00022544519689742117,
    0.00021857241747908285,
    0.0002115130562960903,
    0.000204286462566756,
    0.0001969124438821774,
    0.0001894112119150069,
    0.00018180332702066282,
    0.00017410964188282305,
    0.00016635124435766796,
    0.00015854939967353522,
    0.0001507254921444043,
    0.00014290096655697894,
    0.00013509726939201858,
    0.0001273357900410239,
    0.00011963780217940323,
    0.00011202440545680302,
    0.00010451646766443977,
    9.713456753793265e-05,
    8.989893835241801e-05,
    8.282941246455122e-05,
    7.594536695339424e-05,
    6.926567050918882e-05,
    6.280863171558904e-05,
    5.6591948867104756e-05,
    5.063266145930677e-05,
    4.4947103484755347e-05,
    3.955085866266034e-05,
    3.4458717724990715e-05,
    2.9684637876106176e-05,
    2.5241704537030415e-05,
    2.1142095479221333e-05,
    1.739704744614602e-05,
    1.401682535414793e-05,
    1.1010694157025104e-05,
    8.386893451435061e-06,
    6.152614892733768e-06,
    4.313982483147732e-06,
    2.876035786309925e-06,
    1.842716114165791e-06,
    1.2168557241116606e-06
  ],