{
  "epoch": [
    1,
    2,
    3,
    4,
    5,
    6,
    7,
    8,
    9,
    10,
    11,
    12,
    13,
    14,
    15,
    16,
    17,
    18,
    19,
    20,
    21,
    22,
    23,
    24,
    25,
    26,
    27,
    28,
    29,
    30,
    31,
    32,
    33,
    34,
    35,
    36,
    37,
    38,
    39,
    40,
    41,
    42,
    43,
    44,
    45,
    46,
    47,
    48,
    49,
    50,
    51,
    52,
    53,
    54,
    55,
    56,
    57,
    58,
    59,
    60
  ],
  "train_loss": [
    3.3737446496516097,
    2.367864548914717,
    1.7828011652569713,
    1.5525742570559184,
    1.4099845859248943,
    1.2987633697044703,
    1.2327353682047055,
    1.1792279671984935,
    1.1144382541562303,
    1.078923198176019,
    1.0392138430611095,
    1.0017190147574546,
    0.9887227923781784,
    0.949462753387145,
    0.9389676799990022,
    0.9017269264278098,
    0.889216197248349,
    0.8573166972079885,
    0.8369016709273734,
    0.8293048572025181,
    0.8141271750377529,
    0.8031071924255708,
    0.7764222314696253,
    0.7711573766214858,
    0.7586436262469233,
    0.7415307334053173,
    0.7271917221968066,
    0.7259099282968191,
    0.7144379842060583,
    0.7034665435062024,
    0.6797367008747878,
    0.6792644548072736,
    0.6665722467158557,
    0.6577161551135067,
    0.656015787963514,
    0.6550955645464085,
    0.6507544251381124,
    0.6383005163551848,
    0.6159180981632123,
    0.614772235660396,
    0.6226151741949129,
    0.6045479788579078,
    0.5812033940980463,
    0.5963221255521225,
    0.5834491167048859,
    0.5922105788816641,
    0.5655063343820749,
    0.576162866604181,
    0.5707472674088714,
    0.5841910678111477,
    0.5651413628777849,
    0.5728089681868691,
    0.5714684227182542,
    0.5601212467553685,
    0.5539246767514037,
    0.5597519665772532,
    0.5436033889222047,
    0.5608961853838752,
    0.5518110536744074,
    0.556022558775213
  ],
  "dev_loss": [
    3.4585970741207315,
    1.8124545236765328,
    1.5455340066198575,
    1.4297871842222698,
    1.284849123429444,
    1.1966838952848466,
    1.1083650205094935,
    1.0939887918658175,
    1.0278172043420502,
    1.0118167440770036,
    1.0132519698749154,
    0.9965526997032812,
    0.9442315028380539,
    0.9356469461473368,
    0.9200268276667191,
    0.8916617753142018,
    0.8928443021693472,
    0.8631639591718124,
    0.8608010817887419,
    0.8592481716709622,
    0.8578830005253776,
    0.8462919552447432,
    0.8143612517643783,
    0.8443972041546288,
    0.8109191436383684,
    0.803649309833171,
    0.8119180457571805,
    0.8217241865093425,
    0.8004087848683535,
    0.7741237201933133,
    0.7953348200199968,
    0.7925228107783754,
    0.7757338098550247,
    0.7694249160714068,
    0.7704536682468349,
    0.7781047942274708,
    0.7668592401985395,
    0.7466378694368621,
    0.7528742039102619,
    0.7632568066908141,
    0.7439265874987941,
    0.7408218444403956,
    0.7420815032417492,
    0.7446165208594274,
    0.7399981765676353,
    0.7378600128626419,
    0.7307721497648854,
    0.7374213104278354,
    0.7357751744783531,
    0.7347054198636847,
    0.7385042903281874,
    0.7370529128080707,
    0.742186618179588,
    0.734480899648141,
    0.73739033785917,
    0.7402212623569925,
    0.738592476915505,
    0.736983205554849,
    0.7371576475137371,
    0.736192123238313
  ],
  "dev_cer": [
    0.9565991174573345,
    0.5078618165883582,
    0.4237963001079014,
    0.38312933997920556,
    0.34289689864989076,
    0.3164630901214708,
    0.2953457729589303,
    0.2840007829437844,
    0.2697735469039232,
    0.261766347218477,
    0.2568717447648774,
    0.25545990967911353,
    0.24333324870806505,
    0.2346988092344859,
    0.23425386578238508,
    0.22607376075660063,
    0.22656121360789316,
    0.2181058014530381,
    0.2155352151460217,
    0.21272085399259993,
    0.2103381951317039,
    0.20873537547553153,
    0.2013081273358876,
    0.20627491207987303,
    0.19771468014531673,
    0.19701254530365522,
    0.19694906936672837,
    0.19658559332708833,
    0.1901388342973485,
    0.1895155666031466,
    0.18886787795237436,
    0.18796339694302563,
    0.18560587726289746,
    0.18503056460831982,
    0.18088901687554879,
    0.18132952806706396,
    0.18050787193221782,
    0.17733260669523465,
    0.17789605435274874,
    0.1784350420891792,
    0.17625216819995176,
    0.1744079115891331,
    0.17390211461984156,
    0.1745514665665306,
    0.1732257543731998,
    0.17289889524593227,
    0.17212451570470624,
    0.17263823119031596,
    0.1718204167457499,
    0.17089323310037707,
    0.17089537038272054,
    0.17111409529242189,
    0.17045006751695488,
    0.16980353238867835,
    0.1694675500488383,
    0.16958079200600004,
    0.16935421417558388,
    0.16934845211949945,
    0.16934600636796746,
    0.16931737568404365
  ],
  "dev_wer": [
    0.999209634926609,
    0.9926608957470832,
    0.9747459540835529,
    0.9605570191945804,
    0.9677832141512984,
    0.9238238614979299,
    0.9101994730899511,
    0.9021076401957094,
    0.8824990590891983,
    0.8676326684230335,
    0.8572826496048175,
    0.859239744072262,
    0.8452389913436206,
    0.8279638690252165,
    0.832442604441099,
    0.8139631162965751,
    0.8110274745954084,
    0.7908167105758374,
    0.7876928867143395,
    0.7822732404968009,
    0.7825366955212646,
    0.7689875799774182,
    0.7660519382762514,
    0.7662024840045164,
    0.7510350018818216,
    0.7509597290176891,
    0.7431313511479112,
    0.751561911930749,
    0.7368084305607828,
    0.7265336846066993,
    0.7270982310876929,
    0.7264584117425668,
    0.7162589386526157,
    0.71911930748965,
    0.7042152803914189,
    0.7064358298833271,
    0.7007150922092585,
    0.6932254422280768,
    0.6927361686112157,
    0.6963492660895747,
    0.6924350771546858,
    0.6892359804290553,
    0.6857734286789612,
    0.6886337975159955,
    0.6850583364697027,
    0.681671057583741,
    0.6812194203989462,
    0.6785472337222431,
    0.6798645088445615,
    0.6771923221678585,
    0.6770041400075273,
    0.6763643206624012,
    0.6721114038389161,
    0.6721866767030485,
    0.673202860368837,
    0.6734286789612345,
    0.671622130222055,
    0.6709446744448626,
    0.6706059465562665,
    0.6716597666541212
  ],
  "lr": [
    0.0002916,
    0.00029980674696989366,
    0.00029920442458050093,
    0.00029819451369965036,
    0.0002967797824228689,
    0.000294964108430251,
    0.0002927524683580016,
    0.0002901509241578318,
    0.0002871666064815614,
    0.00028380769513650393,
    0.00028008339666518137,
    0.0002760039191108316,
    0.0002715804440378686,
    0.0002668250958839972,
    0.0002617509087279665,
    0.0002563717905640679,
    0.0002507024851812905,
    0.000244758531751622,
    0.0002385562222382524,
    0.00023211255674044002,
    0.00022544519689742117,
    0.00021857241747908285,
    0.0002115130562960903,
    0.000204286462566756,
    0.0001969124438821774,
    0.0001894112119150069,
    0.00018180332702066282,
    0.00017410964188282305,
    0.00016635124435766796,
    0.00015854939967353522,
    0.0001507254921444043,
    0.00014290096655697894,
    0.00013509726939201858,
    0.0001273357900410239,
    0.00011963780217940323,
    0.00011202440545680302,
    0.00010451646766443977,
    9.713456753793265e-05,
    8.989893835241801e-05,
    8.282941246455122e-05,
    7.594536695339424e-05,
    6.926567050918882e-05,
    6.280863171558904e-05,
    5.6591948867104756e-05,
    5.063266145930677e-05,
    4.4947103484755347e-05,
    3.955085866266034e-05,
    3.4458717724990715e-05,
    2.9684637876106176e-05,
    2.5241704537030415e-05,
    2.1142095479221333e-05,
    1.739704744614602e-05,
    1.401682535414793e-05,
    1.1010694157025104e-05,
    8.386893451435061e-06,
    6.152614892733768e-06,
    4.313982483147732e-06,
    2.876035786309925e-06,
    1.842716114165791e-06,
    1.2168557241116606e-06
  ],