{
  "epoch": [
    1,
    2,
    3,
    4,
    5,
    6,
    7,
    8,
    9,
    10,
    11,
    12,
    13,
    14,
    15,
    16,
    17,
    18,
    19,
    20,
    21,
    22,
    23,
    24,
    25,
    26,
    27,
    28,
    29,
    30,
    31,
    32,
    33,
    34,
    35,
    36,
    37,
    38,
    39,
    40,
    41,
    42,
    43,
    44,
    45,
    46,
    47,
    48,
    49,
    50,
    51,
    52,
    53,
    54,
    55,
    56,
    57,
    58,
    59,
    60
  ],
  "train_loss": [
    3.2781488934662115,
    2.0177312157281633,
    1.5780356200143633,
    1.397550949957145,
    1.2871736111464325,
    1.1858640641832547,
    1.1307629431471413,
    1.0884511209564445,
    1.0322145602585358,
    0.9981665720419629,
    0.9637609416074714,
    0.9308483741656253,
    0.9223625850039745,
    0.885834801344224,
    0.869995840047122,
    0.8411641394405208,
    0.8275673751845772,
    0.7981254068421729,
    0.7787866928449874,
    0.7737071083038433,
    0.7593499693115062,
    0.748702851219923,
    0.7218069306003704,
    0.7180121722535341,
    0.7033505114753551,
    0.686998677842411,
    0.675892304797722,
    0.6745415386349085,
    0.6618516272232856,
    0.6520006808724423,
    0.6312552708289261,
    0.6311931304112384,
    0.6179042275795721,
    0.6086173519614793,
    0.6072814578014146,
    0.6076895073362829,
    0.6026124169613108,
    0.5900993022163219,
    0.5669158209007954,
    0.5665935778630123,
    0.576544238553371,
    0.5586874004560733,
    0.5355720715942206,
    0.5486013678366265,
    0.5380220979206847,
    0.5447873594890896,
    0.5192315771010677,
    0.5307785311537515,
    0.5250687472859528,
    0.5356570098687101,
    0.5194132153266742,
    0.5287205283472567,
    0.5253076126239428,
    0.5155865653674789,
    0.5082305968114378,
    0.5137523757332146,
    0.49712186211666454,
    0.5151304832885786,
    0.5081403617873604,
    0.5088454626285981
  ],
  "dev_loss": [
    2.7350949594530007,
    1.6580768874136067,
    1.3723351505853363,
    1.3576054759955003,
    1.2200119202419863,
    1.162999320333287,
    1.084175631151361,
    1.053396925582724,
    1.0420849126274303,
    1.0159674887940036,
    1.0389849149574668,
    0.9817905729099855,
    0.9934104630502604,
    0.9449661146786253,
    0.9125548997672938,
    0.8761892957707583,
    0.9264262732812913,
    0.8760239065198575,
    0.8618190301171804,
    0.863365477677119,
    0.8511719888044615,
    0.8773946504471666,
    0.8357327234441951,
    0.8583894685163336,
    0.8277270884837135,
    0.8239626356605756,
    0.8163805896953001,
    0.8256387109473601,
    0.7972305053371495,
    0.8059106017068282,
    0.8016497818595272,
    0.8002817176156125,
    0.7981428397914111,
    0.765702844928887,
    0.7998797140889249,
    0.7966701423717757,
    0.7834362761449005,
    0.7780388169369455,
    0.7815529582864147,
    0.7814048513517542,
    0.7605489373712216,
    0.7748547413591611,
    0.7749951216628996,
    0.77373772076631,
    0.7710639698020483,
    0.7722672292236554,
    0.7622297873436394,
    0.7727941635806682,
    0.7604206997459217,
    0.7598935019666866,
    0.7638602393158411,
    0.7629267366255744,
    0.7653300244424303,
    0.7638619564852472,
    0.7618028253822003,
    0.7644096734160084,
    0.7659855169259896,
    0.7630591559208045,
    0.7644117267455085,
    0.7638568390729064
  ],
  "dev_cer": [
    0.7971020919536957,
    0.453535261761902,
    0.36826385783696636,
    0.351332118673205,
    0.31333822035172293,
    0.30260867301117444,
    0.2784812092893087,
    0.26632545956789894,
    0.2589507721201724,
    0.2500671457956761,
    0.25025721837833703,
    0.24153362501179973,
    0.23749718296223035,
    0.2288597887320836,
    0.22669266224363313,
    0.21729812725536168,
    0.22223272946502257,
    0.21526595487713354,
    0.2091227771303923,
    0.2078613079183854,
    0.20802236752466588,
    0.20195853486352577,
    0.20218211324571966,
    0.20028972901127065,
    0.19555450978992872,
    0.19946491058502006,
    0.19456539072634235,
    0.1942056524663717,
    0.18712583637196806,
    0.18747384641412462,
    0.1853661842914461,
    0.18912923238407667,
    0.18418708850384985,
    0.1805074368671808,
    0.1811736559998634,
    0.17872459527589923,
    0.1773372554780694,
    0.17853111637370792,
    0.17641317044921656,
    0.1763035202524642,
    0.17511771931263073,
    0.17370828466573202,
    0.17351461783537345,
    0.17216873594220833,
    0.1725642019277392,
    0.1722162217631421,
    0.17139443811829994,
    0.17093772252295752,
    0.16988611135816245,
    0.16879440784159133,
    0.16960282390334053,
    0.16946338778438694,
    0.1691181062809574,
    0.16787429098876225,
    0.16763219092415002,
    0.16784188677057485,
    0.16851165739895255,
    0.16788328740679748,
    0.16800083351657502,
    0.1674971245674056
  ],
  "dev_wer": [
    0.9982310876928867,
    0.9892736168611216,
    0.9644712081294693,
    0.9536319156943922,
    0.9456906285284155,
    0.9161836657884832,
    0.9022581859239744,
    0.8898757997741814,
    0.8970643582988332,
    0.8707941287165977,
    0.8678584870154309,
    0.8626646593902898,
    0.8684230334964246,
    0.8519382762514114,
    0.8271735039518253,
    0.8025216409484381,
    0.8397064358298834,
    0.7910425291682348,
    0.7984945427173504,
    0.7780955965374482,
    0.8023710952201731,
    0.775235227700414,
    0.7716597666541212,
    0.7887090703801279,
    0.7729394053443733,
    0.7510350018818216,
    0.7524275498682725,
    0.7353029732781332,
    0.7303726006774558,
    0.7439969890854347,
    0.728377869777945,
    0.7259691381257057,
    0.7234851336093339,
    0.7118931125329319,
    0.7150545728264961,
    0.7056831012420023,
    0.7040270982310877,
    0.7036883703424915,
    0.6975912683477606,
    0.7046669175762138,
    0.6890477982687241,
    0.6943168987579977,
    0.6877305231464057,
    0.6791494166353029,
    0.6831765148663906,
    0.6862250658637561,
    0.6780203236733158,
    0.6821226947685359,
    0.6822732404968009,
    0.6799397817086941,
    0.6758374106134738,
    0.6750470455400828,
    0.6754234098607452,
    0.6744072261949567,
    0.6735415882574332,
    0.6727135867519759,
    0.6726759503199097,
    0.6710575837410614,
    0.6722995859992472,
    0.6712834023334587
  ],
  "lr": [
    0.0002916,
    0.00029980674696989366,
    0.00029920442458050093,
    0.00029819451369965036,
    0.0002967797824228689,
    0.000294964108430251,
    0.0002927524683580016,
    0.0002901509241578318,
    0.0002871666064815614,
    0.00028380769513650393,
    0.00028008339666518137,
    0.0002760039191108316,
    0.0002715804440378686,
    0.0002668250958839972,
    0.0002617509087279665,
    0.0002563717905640679,
    0.0002507024851812905,
    0.000244758531751622,
    0.0002385562222382524,
    0.00023211255674044002,
    0.00022544519689742117,
    0.00021857241747908285,
    0.0002115130562960903,
    0.000204286462566756,
    0.0001969124438821774,
    0.0001894112119150069,
    0.00018180332702066282,
    0.00017410964188282305,
    0.00016635124435766796,
    0.00015854939967353522,
    0.0001507254921444043,
    0.00014290096655697894,
    0.00013509726939201858,
    0.0001273357900410239,
    0.00011963780217940323,
    0.00011202440545680302,
    0.00010451646766443977,
    9.713456753793265e-05,
    8.989893835241801e-05,
    8.282941246455122e-05,
    7.594536695339424e-05,
    6.926567050918882e-05,
    6.280863171558904e-05,
    5.6591948867104756e-05,
    5.063266145930677e-05,
    4.4947103484755347e-05,
    3.955085866266034e-05,
    3.4458717724990715e-05,
    2.9684637876106176e-05,
    2.5241704537030415e-05,
    2.1142095479221333e-05,
    1.739704744614602e-05,
    1.401682535414793e-05,
    1.1010694157025104e-05,
    8.386893451435061e-06,
    6.152614892733768e-06,
    4.313982483147732e-06,
    2.876035786309925e-06,
    1.842716114165791e-06,
    1.2168557241116606e-06
  ],