{
  "checkpoint": "outputs/s7a_anchor_rwkv6_rse_strong_viscosity_seed42/best_model.pt",
  "run_dir": "outputs/s7a_anchor_rwkv6_rse_strong_viscosity_seed42",
  "backbone": "rwkv6_rse_strong_viscosity",
  "has_dphi": false,
  "best_cer": 0.1189011124427332,
  "epoch": 29,
  "n_utterances": 120,
  "strong_theta_clip": 1.5707963267948966,
  "static_viscosity_eta": {
    "0": {
      "mean": 0.0584726482629776,
      "std": 0.04341912269592285,
      "max_abs": 0.24490848183631897,
      "per_head_mean": [
        0.06812325119972229,
        0.07495912909507751,
        0.070477195084095,
        0.020331023260951042
      ],
      "per_head_max": [
        0.24490848183631897,
        0.1411033272743225,
        0.18249112367630005,
        0.08171236515045166
      ]
    },
    "1": {
      "mean": 0.02705303393304348,
      "std": 0.03536942973732948,
      "max_abs": 0.1124948114156723,
      "per_head_mean": [
        0.05370010808110237,
        0.028554027900099754,
        0.025318242609500885,
        0.000639752484858036
      ],
      "per_head_max": [
        0.1124948114156723,
        0.08401378244161606,
        0.07657527178525925,
        0.08419033139944077
      ]
    },
    "2": {
      "mean": 0.031847674399614334,
      "std": 0.05084311217069626,
      "max_abs": 0.13396483659744263,
      "per_head_mean": [
        0.08027791231870651,
        0.05455092713236809,
        0.010435717180371284,
        -0.017873870208859444
      ],
      "per_head_max": [
        0.13396483659744263,
        0.10523820668458939,
        0.07166265696287155,
        0.10153361409902573
      ]
    },
    "3": {
      "mean": 0.04503943771123886,
      "std": 0.0659189224243164,
      "max_abs": 0.18443994224071503,
      "per_head_mean": [
        0.10655541718006134,
        0.06261932849884033,
        0.027303453534841537,
        -0.016320453956723213
      ],
      "per_head_max": [
        0.18443994224071503,
        0.14863894879817963,
        0.11943130195140839,
        0.13079141080379486
      ]
    },
    "4": {
      "mean": 0.037296973168849945,
      "std": 0.06134413555264473,
      "max_abs": 0.21340057253837585,
      "per_head_mean": [
        0.06746725738048553,
        0.0654943436384201,
        0.04422676935791969,
        -0.028000473976135254
      ],
      "per_head_max": [
        0.21340057253837585,
        0.12827755510807037,
        0.13742466270923615,
        0.16491088271141052
      ]
    },
    "5": {
      "mean": 0.06104201823472977,
      "std": 0.0687984973192215,
      "max_abs": 0.27086254954338074,
      "per_head_mean": [
        0.09400750696659088,
        0.07967686653137207,
        0.07143803685903549,
        -0.0009543569758534431
      ],
      "per_head_max": [
        0.27086254954338074,
        0.17400701344013214,
        0.14601603150367737,
        0.15305383503437042
      ]
    }
  },
  "static_readphase": {},
  "D1_theta_saturation": {
    "0": {
      "p1": {
        "mean": 0.01742682419717312,
        "std": 0.6239985823631287,
        "p50_abs_over_clip": 0.2660285234451294,
        "p95_abs_over_clip": 0.8027580380439758,
        "p99_abs_over_clip": 0.9289258122444153,
        "fraction_saturated": 0.003695954807361541,
        "n_samples": 2976768
      }
    },
    "1": {
      "p1": {
        "mean": -0.03474963828921318,
        "std": 0.32538995146751404,
        "p50_abs_over_clip": 0.12772952020168304,
        "p95_abs_over_clip": 0.42654481530189514,
        "p99_abs_over_clip": 0.5903480648994446,
        "fraction_saturated": 0.0,
        "n_samples": 2976768
      }
    },
    "2": {
      "p1": {
        "mean": -0.00031395594123750925,
        "std": 0.32898586988449097,
        "p50_abs_over_clip": 0.13243289291858673,
        "p95_abs_over_clip": 0.4137807786464691,
        "p99_abs_over_clip": 0.5606220364570618,
        "fraction_saturated": 0.0,
        "n_samples": 2976768
      }
    },
    "3": {
      "p1": {
        "mean": -0.022686725482344627,
        "std": 0.2940143346786499,
        "p50_abs_over_clip": 0.12570413947105408,
        "p95_abs_over_clip": 0.3738679587841034,
        "p99_abs_over_clip": 0.4771067798137665,
        "fraction_saturated": 0.0,
        "n_samples": 2976768
      }
    },
    "4": {
      "p1": {
        "mean": -0.019574062898755074,
        "std": 0.39773547649383545,
        "p50_abs_over_clip": 0.15007247030735016,
        "p95_abs_over_clip": 0.5188782215118408,
        "p99_abs_over_clip": 0.7818217873573303,
        "fraction_saturated": 0.0006355886652906777,
        "n_samples": 2976768
      }
    },
    "5": {
      "p1": {
        "mean": 0.007929727435112,
        "std": 0.3494627773761749,
        "p50_abs_over_clip": 0.14166364073753357,
        "p95_abs_over_clip": 0.44435563683509827,
        "p99_abs_over_clip": 0.5904867649078369,
        "fraction_saturated": 0.0,
        "n_samples": 2976768
      }
    }
  },
  "D2_quadrature_amplitude": {
    "0": {
      "re_mean_global": 127.7906723022461,
      "im_mean_global": 34.22766876220703,
      "im_over_re_global": 0.2678416831648922,
      "im_over_re_blockwise_p50": 0.8977526426315308,
      "im_over_re_blockwise_p95": 1.407779335975647,
      "state_im_over_re_mean": 1.5093722343444824,
      "per_head_re": [
        379.5035095214844,
        52.24892807006836,
        26.26407814025879,
        53.146175384521484
      ],
      "per_head_im": [
        65.24991607666016,
        7.120614528656006,
        9.268756866455078,
        55.271392822265625
      ],
      "im_over_re_global_postrot": 0.4480241857333733,
      "im_over_re_blockwise_p50_postrot": 0.8977526426315308,
      "im_over_re_blockwise_p95_postrot": 1.407779335975647
    },
    "1": {
      "re_mean_global": 180.13470458984375,
      "im_mean_global": 51.057315826416016,
      "im_over_re_global": 0.28343964003310895,
      "im_over_re_blockwise_p50": 0.9290502071380615,
      "im_over_re_blockwise_p95": 1.1132080554962158,
      "state_im_over_re_mean": 1.1659069061279297,
      "per_head_re": [
        165.25755310058594,
        388.8260192871094,
        106.8546371459961,
        59.600677490234375
      ],
      "per_head_im": [
        48.41486740112305,
        102.70849609375,
        39.321842193603516,
        13.784050941467285
      ],
      "im_over_re_global_postrot": 0.6282612387101317,
      "im_over_re_blockwise_p50_postrot": 0.9290502071380615,
      "im_over_re_blockwise_p95_postrot": 1.1132080554962158
    },
    "2": {
      "re_mean_global": 90.34368133544922,
      "im_mean_global": 34.827392578125,
      "im_over_re_global": 0.3854989310077957,
      "im_over_re_blockwise_p50": 0.9478967189788818,
      "im_over_re_blockwise_p95": 1.1848489046096802,
      "state_im_over_re_mean": 1.1772679090499878,
      "per_head_re": [
        112.82916259765625,
        101.80107879638672,
        91.83834075927734,
        54.906124114990234
      ],
      "per_head_im": [
        39.949832916259766,
        41.743892669677734,
        36.554569244384766,
        21.0612735748291
      ],
      "im_over_re_global_postrot": 0.8486966589567411,
      "im_over_re_blockwise_p50_postrot": 0.9478967189788818,
      "im_over_re_blockwise_p95_postrot": 1.1848489046096802
    },
    "3": {
      "re_mean_global": 162.6407470703125,
      "im_mean_global": 64.53451538085938,
      "im_over_re_global": 0.39679180367364864,
      "im_over_re_blockwise_p50": 0.9727994203567505,
      "im_over_re_blockwise_p95": 1.1550650596618652,
      "state_im_over_re_mean": 1.1607720851898193,
      "per_head_re": [
        123.33150482177734,
        171.26780700683594,
        273.2508850097656,
        82.7127456665039
      ],
      "per_head_im": [
        46.237064361572266,
        74.96723175048828,
        94.3281478881836,
        42.605621337890625
      ],
      "im_over_re_global_postrot": 0.9187454402170093,
      "im_over_re_blockwise_p50_postrot": 0.9727994203567505,