{
  "checkpoint": "/home/researcher/Master_Thesis_Exps/experiments/formal_v1/outputs/p2rse_sv_rwkv6_p2rse_strong_viscosity_seed42/best_model.pt",
  "proxy_for": "rwkv6_rse_strong_viscosity",
  "backbone": "rwkv6_p2rse_strong_viscosity",
  "best_cer": 0.11902920690605469,
  "epoch": 29,
  "n_utterances": 120,
  "strong_theta_clip": 1.5707963267948966,
  "static_viscosity_eta": {
    "0": {
      "mean": 0.05429356172680855,
      "std": 0.05924999713897705,
      "max_abs": 0.27327603101730347,
      "per_head_mean": [
        0.0677136555314064,
        0.07376997917890549,
        0.05551996827125549,
        0.020170656964182854
      ],
      "per_head_max": [
        0.27327603101730347,
        0.25272732973098755,
        0.2116844654083252,
        0.10333762317895889
      ]
    },
    "1": {
      "mean": 0.06088537722826004,
      "std": 0.07595707476139069,
      "max_abs": 0.3576104938983917,
      "per_head_mean": [
        0.08331836760044098,
        0.08159197866916656,
        0.050603870302438736,
        0.028027277439832687
      ],
      "per_head_max": [
        0.28814077377319336,
        0.3576104938983917,
        0.15903927385807037,
        0.29334887862205505
      ]
    },
    "2": {
      "mean": 0.05982464551925659,
      "std": 0.07324317842721939,
      "max_abs": 0.3479064702987671,
      "per_head_mean": [
        0.09563782066106796,
        0.08419772237539291,
        0.062095195055007935,
        -0.002632149960845709
      ],
      "per_head_max": [
        0.22489020228385925,
        0.3479064702987671,
        0.3346467614173889,
        0.10935425013303757
      ]
    },
    "3": {
      "mean": 0.0665820837020874,
      "std": 0.06690580397844315,
      "max_abs": 0.3543487787246704,
      "per_head_mean": [
        0.10145611315965652,
        0.10334637016057968,
        0.050107501447200775,
        0.011418348178267479
      ],
      "per_head_max": [
        0.3543487787246704,
        0.24438701570034027,
        0.19775371253490448,
        0.08916576951742172
      ]
    },
    "4": {
      "mean": 0.022895172238349915,
      "std": 0.067574642598629,
      "max_abs": 0.24023279547691345,
      "per_head_mean": [
        0.07204338908195496,
        0.028762755915522575,
        0.0364530123770237,
        -0.04567847400903702
      ],
      "per_head_max": [
        0.24023279547691345,
        0.16319499909877777,
        0.14422085881233215,
        0.14493262767791748
      ]
    },
    "5": {
      "mean": 0.0491599477827549,
      "std": 0.0790986493229866,
      "max_abs": 0.4617043733596802,
      "per_head_mean": [
        0.0678761899471283,
        0.05703791603446007,
        0.050402991473674774,
        0.0213227029889822
      ],
      "per_head_max": [
        0.4617043733596802,
        0.27978402376174927,
        0.1677192747592926,
        0.153257817029953
      ]
    }
  },
  "D1_theta_saturation": {
    "0": {
      "p1": {
        "mean": 0.02819356508553028,
        "std": 0.7817115783691406,
        "p50_abs_over_clip": 0.38792142271995544,
        "p95_abs_over_clip": 0.891112744808197,
        "p99_abs_over_clip": 0.9810470342636108,
        "fraction_saturated": 0.020094276745786035,
        "n_samples": 2976768
      },
      "p2": {
        "mean": -0.02080957405269146,
        "std": 0.2595515549182892,
        "p50_abs_over_clip": 0.10886901617050171,
        "p95_abs_over_clip": 0.3159095048904419,
        "p99_abs_over_clip": 0.4307817220687866,
        "fraction_saturated": 0.0,
        "n_samples": 2976768
      }
    },
    "1": {
      "p1": {
        "mean": 0.041668858379125595,
        "std": 0.3190467655658722,
        "p50_abs_over_clip": 0.12595373392105103,
        "p95_abs_over_clip": 0.41061991453170776,
        "p99_abs_over_clip": 0.6099324822425842,
        "fraction_saturated": 0.0,
        "n_samples": 2976768
      },
      "p2": {
        "mean": 0.00031763120205141604,
        "std": 0.5274300575256348,
        "p50_abs_over_clip": 0.2157503217458725,
        "p95_abs_over_clip": 0.6885553002357483,
        "p99_abs_over_clip": 0.8320343494415283,
        "fraction_saturated": 0.00046426191090471276,
        "n_samples": 2976768
      }
    },
    "2": {
      "p1": {
        "mean": -0.04686684161424637,
        "std": 0.4900857210159302,
        "p50_abs_over_clip": 0.21543249487876892,
        "p95_abs_over_clip": 0.6248575448989868,
        "p99_abs_over_clip": 0.7854557037353516,
        "fraction_saturated": 0.00047467589009287926,
        "n_samples": 2976768
      },
      "p2": {
        "mean": 0.026293013244867325,
        "std": 0.32016316056251526,
        "p50_abs_over_clip": 0.12878777086734772,
        "p95_abs_over_clip": 0.4224972128868103,
        "p99_abs_over_clip": 0.5655743479728699,
        "fraction_saturated": 0.0,
        "n_samples": 2976768
      }
    },
    "3": {
      "p1": {
        "mean": 0.009924475103616714,
        "std": 0.2794441282749176,
        "p50_abs_over_clip": 0.11301276087760925,
        "p95_abs_over_clip": 0.35834938287734985,
        "p99_abs_over_clip": 0.4920961856842041,
        "fraction_saturated": 0.0,
        "n_samples": 2976768
      },
      "p2": {
        "mean": -0.016519729048013687,
        "std": 0.4287472367286682,
        "p50_abs_over_clip": 0.16857075691223145,
        "p95_abs_over_clip": 0.5621296763420105,
        "p99_abs_over_clip": 0.735547661781311,
        "fraction_saturated": 2.9226328689370485e-05,
        "n_samples": 2976768
      }
    },
    "4": {
      "p1": {
        "mean": 0.03438018634915352,
        "std": 0.4592092037200928,
        "p50_abs_over_clip": 0.18866632878780365,
        "p95_abs_over_clip": 0.5756536722183228,
        "p99_abs_over_clip": 0.8641667366027832,
        "fraction_saturated": 0.0018540242303061575,
        "n_samples": 2976768
      },
      "p2": {
        "mean": -0.0287491325289011,
        "std": 0.3425893187522888,
        "p50_abs_over_clip": 0.14350679516792297,
        "p95_abs_over_clip": 0.43492597341537476,
        "p99_abs_over_clip": 0.5900650024414062,
        "fraction_saturated": 0.0,
        "n_samples": 2976768
      }
    },
    "5": {
      "p1": {
        "mean": 0.009436522610485554,
        "std": 0.4811669588088989,
        "p50_abs_over_clip": 0.2029780000448227,
        "p95_abs_over_clip": 0.6240760087966919,
        "p99_abs_over_clip": 0.7897575497627258,
        "fraction_saturated": 3.728876418988648e-05,
        "n_samples": 2976768
      },
      "p2": {
        "mean": 0.01638437621295452,
        "std": 0.3084178864955902,
        "p50_abs_over_clip": 0.1215522289276123,
        "p95_abs_over_clip": 0.40371277928352356,
        "p99_abs_over_clip": 0.5497854948043823,
        "fraction_saturated": 0.0,
        "n_samples": 2976768
      }
    }
  },
  "D2_quadrature_amplitude": {
    "0": {
      "re_mean_global": 56.95967483520508,
      "im_mean_global": 11.874493598937988,
      "im_over_re_global": 0.20847193445701534,
      "im_over_re_blockwise_p50": 0.8670601844787598,
      "im_over_re_blockwise_p95": 1.228262186050415,
      "state_im_over_re_mean": 1.1185420751571655,
      "per_head_re": [
        160.07179260253906,
        29.771041870117188,
        23.249053955078125,
        14.746809959411621
      ],
      "per_head_im": [
        27.058767318725586,
        9.410114288330078,
        7.198387145996094,
        3.8307058811187744
      ]
    },
    "1": {
      "re_mean_global": 75.65892028808594,
      "im_mean_global": 26.366039276123047,
      "im_over_re_global": 0.34848553449783476,
      "im_over_re_blockwise_p50": 0.9569553136825562,
      "im_over_re_blockwise_p95": 1.179745078086853,
      "state_im_over_re_mean": 1.0642558336257935,
      "per_head_re": [
        91.17581176757812,
        112.04150390625,
        56.78995132446289,
        42.6284294128418
      ],