{
  "backbone": "rwkv6_delta_warmstart_fixed",
  "checkpoint": "outputs/s8_t1a_rwkv6_delta_warmstart_fixed_seed42/best_model.pt",
  "best_cer": 0.12581011004564352,
  "epoch": 29,
  "n_utterances": 120,
  "diagnostic": {
    "D5_delta": {
      "0": {
        "per_head": [
          -0.054051145911216736,
          0.26197656989097595,
          0.4208940863609314,
          0.23611828684806824
        ],
        "max_abs": 0.4208940863609314,
        "mean_abs": 0.24326002597808838
      },
      "1": {
        "per_head": [
          0.0932994931936264,
          0.23352378606796265,
          0.30376315116882324,
          0.3490387797355652
        ],
        "max_abs": 0.3490387797355652,
        "mean_abs": 0.24490630626678467
      },
      "2": {
        "per_head": [
          0.2943344712257385,
          0.3330961763858795,
          0.32660672068595886,
          0.25766614079475403
        ],
        "max_abs": 0.3330961763858795,
        "mean_abs": 0.30292588472366333
      },
      "3": {
        "per_head": [
          0.36243554949760437,
          0.41030335426330566,
          0.3302856981754303,
          0.567207396030426
        ],
        "max_abs": 0.567207396030426,
        "mean_abs": 0.4175580143928528
      },
      "4": {
        "per_head": [
          0.39680975675582886,
          0.5504594445228577,
          0.3806113302707672,
          0.42795243859291077
        ],
        "max_abs": 0.5504594445228577,
        "mean_abs": 0.43895822763442993
      },
      "5": {
        "per_head": [
          0.34504541754722595,
          0.650142252445221,
          0.6476530432701111,
          0.6414014101028442
        ],
        "max_abs": 0.650142252445221,
        "mean_abs": 0.5710605382919312
      }
    },
    "D6_delta": {
      "0": {
        "mean_abs": 0.11487071216106415,
        "p95_abs": 0.6900243759155273,
        "p99_abs": 0.9347671270370483,
        "max_abs": 0.9875674247741699
      },
      "1": {
        "mean_abs": 0.08392295241355896,
        "p95_abs": 0.5734459757804871,
        "p99_abs": 0.7937964797019958,
        "max_abs": 0.8800967335700989
      },
      "2": {
        "mean_abs": 0.2631499171257019,
        "p95_abs": 0.6607638597488403,
        "p99_abs": 0.7180860638618469,
        "max_abs": 0.7553697228431702
      },
      "3": {
        "mean_abs": 0.4454095959663391,
        "p95_abs": 1.2388874292373657,
        "p99_abs": 1.5379937887191772,
        "max_abs": 1.7241407632827759
      },
      "4": {
        "mean_abs": 0.42404380440711975,
        "p95_abs": 1.0419284105300903,
        "p99_abs": 1.1842483282089233,
        "max_abs": 1.2172355651855469
      },
      "5": {
        "mean_abs": 0.6736781597137451,
        "p95_abs": 1.4818397760391235,
        "p99_abs": 1.6558128595352173,
        "max_abs": 1.7928547859191895
      }
    },
    "D7_delta": {
      "0": {
        "mean_upper_bound": 0.05948562175035477
      },
      "1": {
        "mean_upper_bound": 0.05573718249797821
      },
      "2": {
        "mean_upper_bound": 0.09344884753227234
      },
      "3": {
        "mean_upper_bound": 0.18337836861610413
      },
      "4": {
        "mean_upper_bound": 0.16404607892036438
      },
      "5": {
        "mean_upper_bound": 0.24240940809249878
      }
    }
  },
  "aggregates": {
    "max_g_delta_mobility": 0.650142252445221,
    "max_beta_eff_p95": 1.4818397760391235
  },
  "decision_tree_leaf": "AMBIGUOUS ENGAGED \u2014 g_\u03b4 moved (max=0.650), \u03b2_eff p95=1.482; mechanism engaged, no CER break. Mechanism-level null."
}