run_id,backbone,seed,tags,shortlist,params_total,params_encoder,best_dev_cer,best_dev_epoch,test_cer,test_wer,chunked_2s_reset_cer,chunked_5s_reset_cer,chunked_10s_reset_cer,chunked_2s_carry_cer,chunked_5s_carry_cer,chunked_10s_carry_cer,avg_epoch_sec,total_train_sec,n_epochs,peak_mem_gb,git_sha,gpu_name,torch_version
exp09_lion_seed42,lion,42.0,"groupB,baseline",True,7735069,5823488,0.4043049919874948,2,0.40065625416770695,0.8675072168449652,0.4507288215040027,0.42713142557701356,0.4224583573499628,,,,89.13799858093262,178.27599716186523,2,3.591873024,93a2ac1e60424a5eae7780da337037c4cc350dea,NVIDIA GeForce RTX 5090,2.11.0+cu130
mamba_cuda_ep10_seed42,mamba_cuda,,,False,7304221,5392640,0.18427096755668768,9,0.1807618985814435,0.5182968245882154,0.2613850490722272,0.20642309115037227,0.18938900599641573,,,,60.238476800918576,602.3847680091858,10,0.0,,,
mamba_pytorch_ep10_seed42,mamba,,,False,7304221,5392640,0.1892,10,0.18569225075139914,0.5308413992188826,0.26692649956740866,0.21189189977499684,0.1944541910190256,0.2708677453792383,0.2266986483378585,0.21318479019015268,426.7,4267.0,10,0.0,,,
mamba_cuda_ep10_seed42,mamba_cuda,,,False,7304221,5392640,0.18412410951388214,10,0.17988155422321883,0.5182543725590083,0.2603352822771855,0.2059431613230055,0.18943917204762503,,,,60.47810056209564,604.7810056209564,10,0.0,,,
