{
  "epoch": [
    1,
    2,
    3,
    4,
    5,
    6,
    7,
    8,
    9,
    10,
    11,
    12,
    13,
    14,
    15,
    16,
    17,
    18,
    19,
    20,
    21,
    22,
    23,
    24,
    25,
    26,
    27,
    28,
    29,
    30,
    31,
    32,
    33,
    34,
    35,
    36,
    37,
    38,
    39,
    40,
    41,
    42,
    43,
    44,
    45,
    46,
    47,
    48,
    49,
    50,
    51,
    52,
    53,
    54,
    55,
    56,
    57,
    58,
    59,
    60
  ],
  "train_loss": [
    3.0397908270604326,
    1.8832723054375669,
    1.5153931138937364,
    1.3444388858330103,
    1.2352622901951824,
    1.1437821021541157,
    1.0998465951087544,
    1.0593877110952212,
    1.0091724123483823,
    0.9770113477491057,
    0.948192107579345,
    0.9140077958136429,
    0.9104724129041036,
    0.8718599531140347,
    0.8604287076511501,
    0.8354891480977643,
    0.8246794075019075,
    0.79605066641368,
    0.7750464097094634,
    0.7672401583857007,
    0.7588713305845182,
    0.7494300072207863,
    0.7260099562965794,
    0.7246368226936325,
    0.7122780743817734,
    0.6951425442234479,
    0.6854815201013668,
    0.6840456379539192,
    0.6702343995065846,
    0.6635883900609036,
    0.6400865537148935,
    0.6406202147649639,
    0.6318270161196038,
    0.6219917087520591,
    0.6224133733491348,
    0.6233579445890929,
    0.6201995675885138,
    0.6077516101024769,
    0.5849537323593113,
    0.5869105017356911,
    0.5959759366242483,
    0.5774357375294092,
    0.5560651081211773,
    0.5717616400110378,
    0.5592995488962519,
    0.568768408379437,
    0.5419473090044264,
    0.5534021568641742,
    0.5487521728002486,
    0.5600631917700355,
    0.5432077601490688,
    0.5523543545799982,
    0.5521100340372741,
    0.5378262200411946,
    0.5336385105924352,
    0.5393105633403539,
    0.5231021636552772,
    0.5390476376707416,
    0.5335645914200402,
    0.5374450113915612
  ],
  "dev_loss": [
    2.1300415982634333,
    1.4758818371821258,
    1.3079137327307362,
    1.1953577803353133,
    1.1105210927583404,
    1.0597866561453222,
    1.0196747855614807,
    1.0004669513742803,
    0.9706812038765116,
    0.9362222223968829,
    0.9716415205749415,
    0.9280265895491939,
    0.913485469706988,
    0.8911884411916895,
    0.9025569568246098,
    0.8820802016278445,
    0.8735289220082558,
    0.8787128283815869,
    0.8669191808518717,
    0.8648330132334919,
    0.8596037065578719,
    0.8526071873256715,
    0.8664165376606634,
    0.8459127785290702,
    0.8479748838028666,
    0.8479704318915383,
    0.8525097218610472,
    0.85311099735357,
    0.8609819177348735,
    0.8488730861473892,
    0.8347397565336551,
    0.8502826789173029,
    0.8414193859039727,
    0.8330750273445905,
    0.8375512909586147,
    0.8453401284197629,
    0.8406659503609447,
    0.8470850483340732,
    0.8455756344532562,
    0.8444054369199074,
    0.8385260567321615,
    0.8532174974679947,
    0.8414606421680774,
    0.8383611455812292,
    0.8438427834692648,
    0.8360388546676959,
    0.8486953602503922,
    0.8501999577728369,
    0.844104276622756,
    0.8457328053349156,
    0.8460065030445487,
    0.8507065540653164,
    0.8530128449201584,
    0.8505469570725651,
    0.8484376156229084,
    0.8520027267730842,
    0.8492169567083908,
    0.8498775522082539,
    0.8507399596905304,
    0.8501545524193068
  ],
  "dev_cer": [
    0.6073927021414057,
    0.42323170955347084,
    0.3725959090940349,
    0.3372519579240955,
    0.30995347484179664,
    0.29308299365548846,
    0.28085155811870277,
    0.2730624763224568,
    0.26203236057024865,
    0.2531592930902574,
    0.26242324466161837,
    0.249090135660951,
    0.244818196163104,
    0.23835448074740667,
    0.23938464844136653,
    0.23398573067733727,
    0.23015690288642968,
    0.23206979686323848,
    0.22444270710221256,
    0.22479397036031573,
    0.22454709179725968,
    0.22154349508455717,
    0.22566514220514017,
    0.21943337883103584,
    0.2177889795449972,
    0.21654570462052686,
    0.2169942001245466,
    0.2153490984626057,
    0.21594189183415968,
    0.2138084850112336,
    0.21166313725764355,
    0.2115882934411802,
    0.21014707097801766,
    0.20681154934789114,
    0.20863273147951156,
    0.20776580395786917,
    0.20682523479741116,
    0.2064049098168333,
    0.2050101582790931,
    0.20453340848079754,
    0.20423440414652266,
    0.20451659353692048,
    0.20299782635894792,
    0.20226676331386254,
    0.203513372207883,
    0.2014046430459507,
    0.2019730017461965,
    0.2030729620458001,
    0.201527904574188,
    0.20215995534476483,
    0.20140100307594322,
    0.20154649966683733,
    0.20092676993516853,
    0.20055240369961144,
    0.20077088167260657,
    0.20107730742904312,
    0.2006298581290672,
    0.20078954048449266,
    0.20055376773621492,
    0.2006820313219516
  ],
  "dev_wer": [
    0.9972901768912307,
    0.9805796010538201,
    0.9679337598795634,
    0.9441098983816334,
    0.9229205871283402,
    0.9094843808806925,
    0.918178396687994,
    0.8939028980052691,
    0.8802785095972901,
    0.8741061347384268,
    0.8693263078660143,
    0.8598419269853218,
    0.8727512231840422,
    0.848588633797516,
    0.8619872036130974,
    0.8404591644712082,
    0.8503951825366955,
    0.8454271735039518,
    0.825404591644712,
    0.8193451260820475,
    0.8261196838539706,
    0.8156567557395559,
    0.8400075272864133,
    0.815995483628152,
    0.8104629281144148,
    0.8178020323673316,
    0.8096349266089574,
    0.8258185923974407,
    0.8090327436958976,
    0.8022581859239744,
    0.793263078660143,
    0.8009785472337222,
    0.8056078283778698,
    0.8009785472337222,
    0.7975536319156944,
    0.7902145276627776,
    0.7914565299209635,
    0.7938652615732028,
    0.7792999623635679,
    0.787768159578472,
    0.787617613850207,
    0.7817839668799398,
    0.7831765148663906,
    0.780240873165224,
    0.7878810688746707,
    0.7773805043281897,
    0.7818968761761385,
    0.7784719608581107,
    0.7776439593526534,
    0.7777192322167858,
    0.7785472337222431,
    0.7787354158825743,
    0.778057960105382,
    0.7782461422657132,
    0.7787730523146406,
    0.7799021452766278,
    0.7776439593526534,
    0.7777945050809183,
    0.777117049303726,
    0.7773428678961235
  ],
  "lr": [
    0.0002916,
    0.00029980674696989366,
    0.00029920442458050093,
    0.00029819451369965036,
    0.0002967797824228689,
    0.000294964108430251,
    0.0002927524683580016,
    0.0002901509241578318,
    0.0002871666064815614,
    0.00028380769513650393,
    0.00028008339666518137,
    0.0002760039191108316,
    0.0002715804440378686,
    0.0002668250958839972,
    0.0002617509087279665,
    0.0002563717905640679,
    0.0002507024851812905,
    0.000244758531751622,
    0.0002385562222382524,
    0.00023211255674044002,
    0.00022544519689742117,
    0.00021857241747908285,
    0.0002115130562960903,
    0.000204286462566756,
    0.0001969124438821774,
    0.0001894112119150069,
    0.00018180332702066282,
    0.00017410964188282305,
    0.00016635124435766796,
    0.00015854939967353522,
    0.0001507254921444043,
    0.00014290096655697894,
    0.00013509726939201858,
    0.0001273357900410239,
    0.00011963780217940323,
    0.00011202440545680302,
    0.00010451646766443977,
    9.713456753793265e-05,
    8.989893835241801e-05,
    8.282941246455122e-05,
    7.594536695339424e-05,
    6.926567050918882e-05,
    6.280863171558904e-05,
    5.6591948867104756e-05,
    5.063266145930677e-05,
    4.4947103484755347e-05,
    3.955085866266034e-05,
    3.4458717724990715e-05,
    2.9684637876106176e-05,
    2.5241704537030415e-05,
    2.1142095479221333e-05,
    1.739704744614602e-05,
    1.401682535414793e-05,
    1.1010694157025104e-05,
    8.386893451435061e-06,
    6.152614892733768e-06,
    4.313982483147732e-06,
    2.876035786309925e-06,
    1.842716114165791e-06,
    1.2168557241116606e-06
  ],