{
  "epoch": [
    1,
    2,
    3,
    4,
    5,
    6,
    7,
    8,
    9,
    10,
    11,
    12,
    13,
    14,
    15,
    16,
    17,
    18,
    19,
    20,
    21,
    22,
    23,
    24,
    25,
    26,
    27,
    28,
    29,
    30,
    31,
    32,
    33,
    34,
    35,
    36,
    37,
    38,
    39,
    40,
    41,
    42,
    43,
    44,
    45,
    46,
    47,
    48,
    49,
    50,
    51,
    52,
    53,
    54,
    55,
    56,
    57,
    58,
    59,
    60
  ],
  "train_loss": [
    3.038708205085723,
    1.8944845582232064,
    1.5304349189923134,
    1.359680468162882,
    1.246605113700584,
    1.1535046706474368,
    1.116834164646918,
    1.0779608052699163,
    1.0209449605686673,
    0.9963924423657327,
    0.9637874266738263,
    0.9311070580786638,
    0.9236335047969112,
    0.8919223824155674,
    0.881528437628177,
    0.8544932832565818,
    0.8432602045344718,
    0.8175438445659331,
    0.7948569314470016,
    0.792303500597369,
    0.7820783527912917,
    0.7705040905823923,
    0.7472925779137591,
    0.7441169390217267,
    0.732149445838889,
    0.7181839729532783,
    0.7098081489036112,
    0.7054271266906841,
    0.6938078915508686,
    0.6865920482103717,
    0.6649670518106885,
    0.6672091005760946,
    0.6537452224228117,
    0.6442942095636831,
    0.6478051549367944,
    0.6466250683913015,
    0.6444522558784289,
    0.6307426329257557,
    0.6094311600236736,
    0.6104276421874639,
    0.6201592391901055,
    0.6006828673459865,
    0.5787403767798173,
    0.593524187006087,
    0.5823887876645037,
    0.5920527704949241,
    0.5670867636186596,
    0.578245633362252,
    0.5724508368368011,
    0.5847648881958345,
    0.5681385466284713,
    0.576577648827078,
    0.5759206500379637,
    0.5629022727287355,
    0.5567718260756735,
    0.5635357069257846,
    0.5460551287595627,
    0.5637637680020843,
    0.557101457237952,
    0.5612445317913966
  ],
  "dev_loss": [
    2.1302249653864713,
    1.4743907320297371,
    1.3387993963088018,
    1.2094380971738847,
    1.1083743845002125,
    1.0698741431963645,
    1.025478388798439,
    0.999276960805311,
    0.9736571930727717,
    0.9529202421337871,
    0.9678467150967,
    0.9404812768354254,
    0.9360491350545721,
    0.8920312450598862,
    0.9056869507846186,
    0.8776121086488335,
    0.8689254173787974,
    0.8742429745399346,
    0.854882155687122,
    0.8557088319527901,
    0.8572933125798985,
    0.8558263132127665,
    0.8431781219728922,
    0.8387338274111182,
    0.838506229853226,
    0.8303377322726331,
    0.8194759308786715,
    0.8380126028747882,
    0.8296180933208789,
    0.8399032457905301,
    0.8279107129674846,
    0.8265261440458944,
    0.83264698568037,
    0.8165915411407665,
    0.8224683600967213,
    0.8284544303255567,
    0.8231392467426042,
    0.8266635175983784,
    0.8217807972835283,
    0.8212354708526094,
    0.8167905052334575,
    0.8247014620041443,
    0.8187996045512668,
    0.8108640916771808,
    0.8192804650229922,
    0.8210428619788865,
    0.832154449264882,
    0.8271724248336534,
    0.8258714382931337,
    0.8205619914046789,
    0.8210788586382138,
    0.8265517290871022,
    0.8272565969471204,
    0.8258303191702244,
    0.8240449360366595,
    0.825280174612999,
    0.8248758639319468,
    0.8253107742737915,
    0.825725602901588,
    0.8255605634491322
  ],
  "dev_cer": [
    0.6155810902783557,
    0.4253084831839373,
    0.3817408664028823,
    0.34183000390145196,
    0.31335214912021486,
    0.29673063110368353,
    0.2867802016102223,
    0.2750302674035549,
    0.26707334280258205,
    0.26202559267914155,
    0.26229142874628747,
    0.2558527973137377,
    0.25531507928413705,
    0.24193712500932302,
    0.24523265693648705,
    0.2377254846308477,
    0.23401273797216882,
    0.23496070277939965,
    0.2291947227090127,
    0.2276076403675366,
    0.2303598348731946,
    0.22613713299945204,
    0.22394679799419473,
    0.22094724423764603,
    0.22056260796888602,
    0.2188514472417474,
    0.21630308322786176,
    0.21588267767955663,
    0.21455088067824563,
    0.21602731021584573,
    0.21387881752862817,
    0.21253242069526776,
    0.2126834246207939,
    0.2080184635196395,
    0.20838747197853152,
    0.20899115450393924,
    0.20847442814911193,
    0.208148793149874,
    0.20712037579265094,
    0.2054113552846105,
    0.20483845096932943,
    0.20545106736633398,
    0.2041031604403368,
    0.20262024747746082,
    0.2043231515803082,
    0.20305237343078902,
    0.20406703696311262,
    0.20312969970518163,
    0.20339857290309946,
    0.2023372555774677,
    0.20281312107771907,
    0.203339192021703,
    0.2021346250009532,
    0.20205088755487746,
    0.20113023299315894,
    0.20196588503556234,
    0.20157548503082479,
    0.2017935589146706,
    0.20176831146360868,
    0.20153836658236057
  ],
  "dev_wer": [
    0.9975912683477607,
    0.9780955965374483,
    0.9663530297327814,
    0.9428302596913812,
    0.9232969514490026,
    0.9121942039894618,
    0.9158825743319533,
    0.8971019947308995,
    0.8822732404968009,
    0.8873541588257433,
    0.8697779450508092,
    0.8657508468197215,
    0.8766654121189311,
    0.850470455400828,
    0.8640572073767406,
    0.8458035378246143,
    0.8560406473466315,
    0.8404968009032744,
    0.8339480617237486,
    0.8223936770794129,
    0.8375611592021076,
    0.8164094843808807,
    0.8210764019570944,
    0.8110274745954084,
    0.8071509220925857,
    0.8191945803537825,
    0.8025969138125706,
    0.8235604064734663,
    0.813473842679714,
    0.8101994730899511,
    0.8014678208505833,
    0.8033496424538954,
    0.7965750846819721,
    0.7900263455024463,
    0.7903274369589763,
    0.7867143394806172,
    0.7968009032743696,
    0.7887467068121942,
    0.7790365073391042,
    0.7857734286789613,
    0.7757621377493413,
    0.7813323296951449,
    0.7782461422657132,
    0.774595408355288,
    0.7779450508091833,
    0.7756492284531427,
    0.7793375987956341,
    0.7767783214151298,
    0.7759126834776063,
    0.7747459540835528,
    0.7726006774557772,
    0.7734286789612345,
    0.7761008656379376,
    0.7727135867519759,
    0.7726383138878434,
    0.7750094091080165,
    0.7732781332329696,
    0.7737297704177644,
    0.7745201354911554,
    0.7744072261949567
  ],
  "lr": [
    0.0002916,
    0.00029980674696989366,
    0.00029920442458050093,
    0.00029819451369965036,
    0.0002967797824228689,
    0.000294964108430251,
    0.0002927524683580016,
    0.0002901509241578318,
    0.0002871666064815614,
    0.00028380769513650393,
    0.00028008339666518137,
    0.0002760039191108316,
    0.0002715804440378686,
    0.0002668250958839972,
    0.0002617509087279665,
    0.0002563717905640679,
    0.0002507024851812905,
    0.000244758531751622,
    0.0002385562222382524,
    0.00023211255674044002,
    0.00022544519689742117,
    0.00021857241747908285,
    0.0002115130562960903,
    0.000204286462566756,
    0.0001969124438821774,
    0.0001894112119150069,
    0.00018180332702066282,
    0.00017410964188282305,
    0.00016635124435766796,
    0.00015854939967353522,
    0.0001507254921444043,
    0.00014290096655697894,
    0.00013509726939201858,
    0.0001273357900410239,
    0.00011963780217940323,
    0.00011202440545680302,
    0.00010451646766443977,
    9.713456753793265e-05,
    8.989893835241801e-05,
    8.282941246455122e-05,
    7.594536695339424e-05,
    6.926567050918882e-05,
    6.280863171558904e-05,
    5.6591948867104756e-05,
    5.063266145930677e-05,
    4.4947103484755347e-05,
    3.955085866266034e-05,
    3.4458717724990715e-05,
    2.9684637876106176e-05,
    2.5241704537030415e-05,
    2.1142095479221333e-05,
    1.739704744614602e-05,
    1.401682535414793e-05,
    1.1010694157025104e-05,
    8.386893451435061e-06,
    6.152614892733768e-06,
    4.313982483147732e-06,
    2.876035786309925e-06,
    1.842716114165791e-06,
    1.2168557241116606e-06
  ],