{
  "biwkv6_no_conv_no_gate": {
    "2.0s": {
      "cer": 0.28620708933532624,
      "wer": 0.8418498429917214,
      "n_evaluated": 500
    },
    "5.0s": {
      "cer": 0.2620948138425959,
      "wer": 0.8047387953182986,
      "n_evaluated": 500
    },
    "10.0s": {
      "cer": 0.2585452927205395,
      "wer": 0.8010276905509564,
      "n_evaluated": 500
    }
  },
  "biwkv6": {
    "2.0s": {
      "cer": 0.28622023381969036,
      "wer": 0.8458464173565515,
      "n_evaluated": 500
    },
    "5.0s": {
      "cer": 0.2643374239457275,
      "wer": 0.8101627176705681,
      "n_evaluated": 500
    },
    "10.0s": {
      "cer": 0.25964845530970343,
      "wer": 0.8064516129032258,
      "n_evaluated": 500
    }
  }
}