epoch,train_loss,train_loss_std,dev_loss,dev_cer,dev_wer,epoch_time_sec,learning_rate_end,grad_norm_mean,tokens_per_sec,peak_mem_gb,last_step
1,2.5571086631430777,0.31472991369076986,1.860202031057389,0.5079586138146301,0.9705474018246727,82.3495602607727,0.00028143399808769234,0.9824272726080757,553278.448027532,4.639488,1236
2,1.8249653672323258,0.17648139059261705,1.464443497970456,0.3977970267694064,0.8698532328441094,83.65229630470276,1e-06,1.0062823357801993,538548.1254611845,4.639444992,2472
