{
  "backbone": "rwkv6_sparse_nonnormal_rse_edge_only_viscosity",
  "checkpoint": "outputs/s9b_rwkv6_sparse_nonnormal_rse_edge_only_viscosity_seed42/best_model.pt",
  "best_cer": 0.12176398132352458,
  "epoch": 30,
  "n_utterances": 120,
  "diagnostic": {
    "D5_nn": {
      "0": {
        "rho_base_fnorm": 0.6575486660003662,
        "rho_lora_combined_fnorm": 23.187000274658203,
        "psi_lora_combined_fnorm": NaN,
        "mu_fnorm": 0.4508129954338074,
        "mu_mean": -0.0004596961662173271
      },
      "5": {
        "rho_base_fnorm": 0.870148777961731,
        "rho_lora_combined_fnorm": 28.58509063720703,
        "psi_lora_combined_fnorm": NaN,
        "mu_fnorm": 0.46765682101249695,
        "mu_mean": 0.005603961646556854
      }
    },
    "D6_nn": {
      "0": {
        "mean_abs_rho": 0.09060440212488174,
        "p95_abs_rho": 0.282044917345047,
        "p99_abs_rho": 0.4883595108985901,
        "fraction_near_clip": 0.22080021016081872,
        "std_psi": 1.7502306699752808
      },
      "5": {
        "mean_abs_rho": 0.038281071931123734,
        "p95_abs_rho": 0.1645786017179489,
        "p99_abs_rho": 0.24653039872646332,
        "fraction_near_clip": 0.11187972996216031,
        "std_psi": 1.7520883083343506
      }
    },
    "D7_nn": {
      "0": {
        "mean": 0.06707165390253067,
        "p50": 0.027221674099564552,
        "p95": 0.26870834827423096,
        "p99": 0.42568427324295044,
        "max": 0.9021263122558594
      },
      "5": {
        "mean": 0.029845455661416054,
        "p50": 0.006382463499903679,
        "p95": 0.14682772755622864,
        "p99": 0.2856062948703766,
        "max": 0.7538725733757019
      }
    },
    "D8_nn": {
      "0": {
        "mean": 0.66715008020401,
        "p95": 0.9905439019203186,
        "p99": 0.9976035356521606,
        "max": 0.9993408918380737,
        "frac_gt_099": 0.0535171031131751
      },
      "5": {
        "mean": 0.8295820951461792,
        "p95": 0.9979246854782104,
        "p99": 0.9996633529663086,
        "max": 1.0001612901687622,
        "frac_gt_099": 0.11603054050567596
      }
    },
    "D9_nn": {
      "0": {
        "per_head_mean_abs_rho": [
          0.0685570240020752,
          0.04255429282784462,
          0.11662020534276962,
          0.13895294070243835
        ],
        "spread": 0.09639865159988403
      },
      "5": {
        "per_head_mean_abs_rho": [
          0.03289556875824928,
          0.04304881766438484,
          0.03959916904568672,
          0.04501364752650261
        ],
        "spread": 0.012118078768253326
      }
    },
    "D10_nn_gate": {
      "0": {
        "gate_raw": [
          0.3795335292816162,
          0.6673053503036499,
          0.28029972314834595,
          0.14741329848766327
        ],
        "gate_sigmoid": [
          0.59376060962677,
          0.6608995199203491,
          0.5696197152137756,
          0.5367867350578308
        ],
        "gate_min": 0.5367867350578308,
        "gate_max": 0.6608995199203491,
        "gate_spread": 0.12411278486251831
      },
      "5": {
        "gate_raw": [
          0.46049752831459045,
          0.4768867790699005,
          0.5187422633171082,
          0.8586958050727844
        ],
        "gate_sigmoid": [
          0.6131321787834167,
          0.6170125007629395,
          0.6268536448478699,
          0.7023880481719971
        ],
        "gate_min": 0.6131321787834167,
        "gate_max": 0.7023880481719971,
        "gate_spread": 0.08925586938858032
      }
    },
    "kappa": 0.4
  },
  "aggregates": {
    "max_rho_lora_fnorm": 28.58509063720703,
    "max_p95_abs_rho": 0.282044917345047,
    "max_non_normality_mean": 0.06707165390253067,
    "max_spectral_radius": 1.0001612901687622,
    "max_frac_spectral_unstable": 0.11603054050567596
  },
  "decision_tree_leaf": "REGRESSION STABILITY \u2014 spectral radius max=1.000, 11.6% of G have |\u03bb|>0.99. Fix stability, rerun."
}