{
  "epoch": [
    1,
    2,
    3,
    4,
    5,
    6,
    7,
    8,
    9,
    10,
    11,
    12,
    13,
    14,
    15,
    16,
    17,
    18,
    19,
    20,
    21,
    22,
    23,
    24,
    25,
    26,
    27,
    28,
    29,
    30,
    31,
    32,
    33,
    34,
    35,
    36,
    37,
    38,
    39,
    40,
    41,
    42,
    43,
    44,
    45,
    46,
    47,
    48,
    49,
    50,
    51,
    52,
    53,
    54,
    55,
    56,
    57,
    58,
    59,
    60,
    61,
    62,
    63,
    64,
    65,
    66,
    67,
    68,
    69,
    70,
    71,
    72,
    73,
    74,
    75,
    76,
    77,
    78,
    79,
    80,
    81,
    82,
    83,
    84,
    85,
    86,
    87,
    88,
    89,
    90,
    91,
    92,
    93,
    94,
    95,
    96,
    97,
    98,
    99,
    100
  ],
  "train_loss": [
    3.2483567980581842,
    2.424731649489069,
    2.204569299525194,
    2.1602704569145486,
    2.1689300946738004,
    2.0887795066146695,
    2.188655986707397,
    2.142289930900919,
    2.0945690119708025,
    2.049877475563881,
    2.0949397957864613,
    2.1782250293978938,
    2.1050774285822738,
    2.0683130229451527,
    2.157046691870984,
    2.1546499915574313,
    2.081722881568312,
    2.0061878351027094,
    1.991683489501231,
    1.9955916402271254,
    1.9416221218344607,
    1.9472960503503618,
    1.8908005962646548,
    1.8701270286438396,
    1.8795487387680714,
    1.8235848761880349,
    1.8098102010817194,
    1.8206159617184612,
    1.8044387644210471,
    1.7996442070223175,
    1.7677494966934737,
    1.7581563412897872,
    1.733885394447625,
    1.7413132043532382,
    1.7783750006200845,
    1.750653840141532,
    1.7334484668916146,
    1.7181045496414717,
    1.6824106159524173,
    1.6757262712152896,
    1.673214707845523,
    1.6467145843270383,
    1.6164156595865886,
    1.6260763298827434,
    1.6165881250130296,
    1.6291194617012401,
    1.6054325903394095,
    1.5926395625243952,
    1.579937682966146,
    1.6024203293117476,
    1.5718947477301453,
    1.5607099967238345,
    1.5594765269216686,
    1.5322694876557024,
    1.5211137675454096,
    1.5216008733820032,
    1.5092565088605685,
    1.5163892490383037,
    1.5108070807692446,
    1.5121204499845151,
    1.5006514403800415,
    1.4957335034515633,
    1.4979737180250663,
    1.4899652722931693,
    1.4855118964189364,
    1.4735144347320368,
    1.4784651477150466,
    1.4730551640192668,
    1.4714534456837816,
    1.4567810662489369,
    1.459184371885449,
    1.4533581633136106,
    1.4529167945983479,
    1.451335162292292,
    1.4484319912553325,
    1.4403439188690343,
    1.4432905622961099,
    1.438101450356927,
    1.4412292573187087,
    1.432003411736508,
    1.4470671562500943,
    1.4324032227688857,
    1.42761682041388,
    1.4209883271911998,
    1.4152930015889706,
    1.4265681050196597,
    1.41707876152953,
    1.4432009431560344,
    1.4084131447866621,
    1.4178294831342657,
    1.4088639396208305,
    1.4215767403198367,
    1.4152505321757785,
    1.421253871525266,
    1.4089156131685516,
    1.4146744823504869,
    1.4116146037117443,
    1.4119412759203969,
    1.4192411158801106,
    1.4123985438680453
  ],
  "dev_loss": [
    3.056238366385638,
    2.145589301141642,
    2.117249277688689,
    2.0815114671901123,
    1.9829910599579246,
    2.090367849600517,
    2.1757070614119707,
    2.013604028750274,
    2.042274129592766,
    2.232240733453783,
    2.053121044474133,
    2.36773776806007,
    2.043309425903579,
    2.0190463732864896,
    2.0254225084337136,
    2.0730720940282787,
    1.9381416237960427,
    1.916435844817404,
    1.8753991743265572,
    1.8754552107746318,
    1.8363778348696433,
    1.7997525021181269,
    1.781703098345611,
    1.8231938814712783,
    1.7651700741153653,
    1.749258288892649,
    1.8029607655638356,
    1.722489058971405,
    1.7192405371342676,
    1.7230362275899467,
    1.6656111670752702,
    1.694869531413256,
    1.6839165354179124,
    1.6953744423591484,
    1.6812442066305775,
    1.6979007609819963,
    1.6660540710061282,
    1.6660766177258248,
    1.6671408222893538,
    1.620028154324677,
    1.606917777303922,
    1.605004052994615,
    1.5778236904386747,
    1.5798097202333354,
    1.5613912182339167,
    1.57046724881156,
    1.5355136535935483,
    1.5736845135688782,
    1.5734775995804091,
    1.5687244342545332,
    1.5261593269089522,
    1.5165448077654435,
    1.495745506327031,
    1.4830077361252347,
    1.4870837840993525,
    1.4736919054540538,
    1.4884277794320704,
    1.4842164885189573,
    1.482480623964536,
    1.4605002009262473,
    1.468302691386918,
    1.4526978342209833,
    1.4459199652833454,
    1.4788304986590046,
    1.4475517485101344,
    1.4625784300141416,
    1.4281133226418898,
    1.440625339241351,
    1.4495161514160997,
    1.426104612269644,
    1.4213474332276037,
    1.4423662333165186,
    1.4227938055992126,
    1.429335495172921,
    1.425034517959013,
    1.4318300354278695,
    1.4199111062591359,
    1.4320340671781766,
    1.4299506317760984,
    1.4203796169515384,
    1.4239763582156877,
    1.4220031257403098,
    1.411706520844314,
    1.4180511741314905,
    1.418637258016457,
    1.4223217363074674,
    1.4237819955510609,
    1.413157522173251,
    1.413516397193327,
    1.4207780638993797,
    1.416412922285371,
    1.4168012894816318,
    1.4168686179791468,
    1.4133435437234783,
    1.4130069209357439,
    1.413822082644802,
    1.4139352011478554,
    1.4137545263363143,
    1.4128521504038472,
    1.4133331684742945
  ],