{
  "backbone": "rwkv6_lucid",
  "seq_len": 64,
  "n_kv_pairs": 16,
  "n_queries": 16,
  "vocab_size": 8192,
  "n_parameters": 10028056,
  "steps_taken": 7000,
  "epochs_taken": 9,
  "early_stopped": true,
  "best_per_seq_acc": 0.9963333333333333,
  "best_per_query_acc": 0.9992916666666667,
  "best_step": 6000,
  "final_per_seq_acc": 0.9963333333333333,
  "final_per_query_acc": 0.9997708333333334,
  "final_loss": 0.0034840182413657505,
  "wall_sec": 571.3605251312256,
  "seed": 42
}