{
  "epoch": [
    1,
    2,
    3,
    4,
    5,
    6,
    7,
    8,
    9,
    10,
    11,
    12,
    13,
    14,
    15,
    16,
    17,
    18,
    19,
    20,
    21,
    22,
    23,
    24,
    25,
    26,
    27,
    28,
    29,
    30,
    31,
    32,
    33,
    34,
    35,
    36,
    37,
    38,
    39,
    40,
    41,
    42,
    43,
    44,
    45,
    46,
    47,
    48,
    49,
    50,
    51,
    52,
    53,
    54,
    55,
    56,
    57,
    58,
    59,
    60
  ],
  "train_loss": [
    3.369353035307422,
    2.0230189261977207,
    1.592675241981585,
    1.3899237472986437,
    1.2675193242191038,
    1.1762853316425048,
    1.1131266694707969,
    1.0500835227079628,
    0.9996393102960488,
    0.9564593418357299,
    0.9190216956679353,
    0.8836611098849896,
    0.8564068163793112,
    0.832085367453467,
    0.8118850909557539,
    0.7805855227499893,
    0.7506510902925865,
    0.7406738177402732,
    0.7226852455704482,
    0.7157411845688967,
    0.6915951326243148,
    0.664807526168135,
    0.6579116773359555,
    0.6499495378474599,
    0.6251918760157124,
    0.6255268910496505,
    0.5996721627785987,
    0.5980968538018846,
    0.5838464615885745,
    0.5735562475136489,
    0.553058056057114,
    0.5466874171778099,
    0.5424403291387656,
    0.5332688151561108,
    0.5194081564539487,
    0.5150079237431595,
    0.5143225207771223,
    0.5042186824316831,
    0.5023570313896101,
    0.48290964807431724,
    0.48493282438553487,
    0.48379167699322256,
    0.4648770922852546,
    0.4545825686036926,
    0.4633368383323358,
    0.45348316719851545,
    0.4475374605237823,
    0.45048009599607014,
    0.4488269521369914,
    0.4512554408655953,
    0.43252799090036415,
    0.43526037009720947,
    0.42759905050485586,
    0.4270087374854334,
    0.43358143663283477,
    0.4382834066435234,
    0.43003703186806946,
    0.42218537914384274,
    0.4271567312712522,
    0.42461360686833094
  ],
  "dev_loss": [
    2.482954698450425,
    1.6663926859863667,
    1.4023774982500476,
    1.3002720590399093,
    1.218418426874305,
    1.1842753496490608,
    1.0829800001713408,
    1.0795148010013484,
    1.003488796598771,
    0.9768288636407932,
    0.9840754220465652,
    0.9369276551639333,
    0.9698861401622035,
    0.9254880943218199,
    0.8850606404432729,
    0.8824480411385288,
    0.8958902654527616,
    0.8738995374751692,
    0.8768265452705511,
    0.8526388622131669,
    0.8237205067602527,
    0.8538017713723063,
    0.8383239252226693,
    0.8130752319047431,
    0.8261936316971018,
    0.8076689994635702,
    0.8018957201172324,
    0.7862473596043947,
    0.7866808301260492,
    0.7787923397136336,
    0.7750427477500018,
    0.7828413763967883,
    0.7826225031323794,
    0.7769083175338617,
    0.76742672168908,
    0.7612634246088877,
    0.7711720867317264,
    0.7643933466502598,
    0.7691122373612989,
    0.7594806637082782,
    0.7648704482727692,
    0.7655654158912787,
    0.7551424062552572,
    0.757973148542292,
    0.7609570747663995,
    0.7580498967851911,
    0.7563645479058018,
    0.7482038601105955,
    0.7630270849756834,
    0.7539513596967489,
    0.7545805768806393,
    0.7504082727832955,
    0.7476818180885636,
    0.7515840249903062,
    0.750482318782005,
    0.7503912433856675,
    0.7524283999154547,
    0.7501244855528119,
    0.750814284096245,
    0.75149553162711
  ],
  "dev_cer": [
    0.7189472526843596,
    0.4679979616522621,
    0.39288876069038126,
    0.3504587362704388,
    0.3286665503699356,
    0.31699275676086186,
    0.29270183408082623,
    0.27958610793546257,
    0.2649012921283419,
    0.259927753218344,
    0.2544539764884625,
    0.24322736298778533,
    0.24164490513533002,
    0.2348200509000655,
    0.22885092482292685,
    0.2244235898965101,
    0.2215220585543812,
    0.2161969103181619,
    0.2158044230205042,
    0.21066727613434266,
    0.2078403588508773,
    0.2070600138983347,
    0.20462929326209137,
    0.1997240451141769,
    0.19958968804473856,
    0.1982724160254758,
    0.19299168690215665,
    0.19008346467238213,
    0.1889854130494818,
    0.1887296824359547,
    0.18646884104234834,
    0.18552123664075373,
    0.18552044242912424,
    0.182929012879216,
    0.18111205606185413,
    0.1797497764329565,
    0.17905494411610332,
    0.17751062987379823,
    0.17714264423945233,
    0.176047383923528,
    0.17621702883591467,
    0.17512707295958208,
    0.1729738272420916,
    0.17384511246909454,
    0.17173345477866078,
    0.17156534175075838,
    0.1709300926068496,
    0.17020344460763434,
    0.171191861240882,
    0.1696266101197223,
    0.16877281366300068,
    0.16873762809059678,
    0.16825434564637168,
    0.16872669422627565,
    0.16862437822656634,
    0.1679997004068036,
    0.16809968209300627,
    0.16807070411868721,
    0.16757564733119001,
    0.1676167165452604
  ],
  "dev_wer": [
    0.9987100578631187,
    0.9820882320421627,
    0.9602329266944312,
    0.9383407658570744,
    0.9229720266833745,
    0.9115099694099437,
    0.8876644676224523,
    0.8760549883905208,
    0.8594331625695647,
    0.8534994287399108,
    0.8478605388272583,
    0.8338923082593153,
    0.8230936497991376,
    0.8257472450521505,
    0.8169019275421074,
    0.8028599859949139,
    0.7934618361404931,
    0.7782773744149191,
    0.7748866693694025,
    0.7638668779714739,
    0.7580805661003206,
    0.7658939299008587,
    0.7539158957726754,
    0.7372940699517193,
    0.7345667637194561,
    0.7292595732134302,
    0.7239892381970294,
    0.7176869494711238,
    0.7137434120812295,
    0.7090627648988317,
    0.7024287767662993,
    0.7013231120775439,
    0.7060406147495669,
    0.6970847307706483,
    0.6923672280986253,
    0.6906350200862419,
    0.6826742343272031,
    0.685327829580216,
    0.6773670438211772,
    0.6732760844727822,
    0.6736077838794088,
    0.6708436221575204,
    0.6653152987137434,
    0.6671212177053772,
    0.6633251022739837,
    0.6610400619172225,
    0.6593815648840895,
    0.6591604319463384,
    0.6585338886227103,
    0.6579073452990823,
    0.6554748829838204,
    0.6546640622120665,
    0.6549589061290679,
    0.6544797847639406,
    0.6529687096893082,
    0.6533004090959348,
    0.6528212877308075,
    0.6518261895109276,
    0.6509785132495485,
    0.651494490104301
  ],