{
  "epoch": [
    1,
    2,
    3,
    4,
    5,
    6,
    7,
    8,
    9,
    10,
    11,
    12,
    13,
    14,
    15,
    16,
    17,
    18,
    19,
    20,
    21,
    22,
    23,
    24,
    25,
    26,
    27,
    28,
    29,
    30,
    31,
    32,
    33,
    34,
    35,
    36,
    37,
    38,
    39,
    40,
    41,
    42,
    43,
    44,
    45,
    46,
    47,
    48,
    49,
    50,
    51,
    52,
    53,
    54,
    55,
    56,
    57,
    58,
    59,
    60
  ],
  "train_loss": [
    2.9082334469274147,
    1.8638286770004586,
    1.598006247736744,
    1.4203195503077557,
    1.28754891390653,
    1.179996573679226,
    1.1053686942021872,
    1.043047195746879,
    0.9883038638793316,
    0.9335876271896756,
    0.9060781239234295,
    0.8603173879004017,
    0.8210167890971469,
    0.7998250701992782,
    0.7664727338810557,
    0.7192190379211583,
    0.7141248666748559,
    0.6930697645108724,
    0.6694049704935133,
    0.6516535145720256,
    0.6448755227337198,
    0.6112887380049401,
    0.6147266174100109,
    0.585592999040466,
    0.5724479264819745,
    0.5616655308561227,
    0.5486035930741694,
    0.5296577647789238,
    0.5175801726960644,
    0.5168267438603826,
    0.5030893232404571,
    0.49165915545729016,
    0.4802984777185106,
    0.49044840397294037,
    0.4618755900982729,
    0.4492303407683815,
    0.4579698335571387,
    0.44587516394472615,
    0.43768427123114007,
    0.4386695585300013,
    0.4315803566237086,
    0.41076884641475286,
    0.40414852029883985,
    0.4113284777427457,
    0.40210566968341505,
    0.3985419039259252,
    0.39489552102138087,
    0.3921882979341389,
    0.39724998142231593,
    0.3820408853366203,
    0.3835319184458133,
    0.38127822055644595,
    0.369844926782876,
    0.38429490708813224,
    0.38013658302346454,
    0.3816792258282298,
    0.37574319486151037,
    0.38389582004129275,
    0.3724152657481813,
    0.3729582046725086
  ],
  "dev_loss": [
    2.1001581274160817,
    1.659510949078728,
    1.4414023201004798,
    1.3338137845031353,
    1.2459626838940532,
    1.1569723386724455,
    1.103796266207174,
    1.0584424313376932,
    1.0100177000550663,
    0.9835940228790796,
    0.9496410754548401,
    0.9379353969037032,
    0.9186401772899788,
    0.9027176464305204,
    0.8928463438979718,
    0.8662026609693255,
    0.8522794967939874,
    0.8537603391318762,
    0.8523731702516059,
    0.8377325324451222,
    0.8307225929588831,
    0.8297320313814307,
    0.8305472230710903,
    0.8227730658875794,
    0.8188110840420763,
    0.8141336997016138,
    0.8109085985592434,
    0.8130517476747016,
    0.8029530879830112,
    0.8087435545039778,
    0.8156765744465739,
    0.8095131045629999,
    0.8031520017054903,
    0.808667115804528,
    0.8146793231242845,
    0.8236726948193142,
    0.810808438713811,
    0.8149618526466754,
    0.8225706410007316,
    0.8241155723563763,
    0.8071583183873602,
    0.8199120344234114,
    0.8182894297006751,
    0.8235874686922345,
    0.8363076177965693,
    0.8372480122982955,
    0.8427790844139933,
    0.8408134639764032,
    0.8436789202089069,
    0.8321328643991166,
    0.8292776200951648,
    0.8367770880210299,
    0.835213466852653,
    0.8407480881995514,
    0.8397307531172488,
    0.8421386289997261,
    0.843775925015201,
    0.8401526543272644,
    0.8424056342669896,
    0.8431068223063686
  ],
  "dev_cer": [
    0.5963205125179698,
    0.48118987689011516,
    0.41702485725643884,
    0.38399384002307196,
    0.35908733659556513,
    0.3268763066739763,
    0.3130912625022291,
    0.29685854959538815,
    0.28505965331941163,
    0.2742343666465232,
    0.2658499389112183,
    0.2593933371034007,
    0.25498236671720265,
    0.24655149452102207,
    0.24654088194995355,
    0.23716880457402265,
    0.23287896064602415,
    0.2274643677314043,
    0.22590141434158326,
    0.22475547014871752,
    0.2203305947236645,
    0.2205018953391592,
    0.21569274047715084,
    0.21482727387059056,
    0.21104331011546176,
    0.20965353281444227,
    0.2088309196103736,
    0.2065385176357975,
    0.206382085264139,
    0.20433817863616976,
    0.2026465729019718,
    0.20385828708487352,
    0.20055490233896425,
    0.20088644370234854,
    0.2017027707639636,
    0.19965166623596486,
    0.1994939046743378,
    0.1971365505177743,
    0.1979734317486496,
    0.19627922627682173,
    0.19527394842450305,
    0.19525064850201765,
    0.19514420767135351,
    0.1945166775970225,
    0.19494617420162663,
    0.1933307615530185,
    0.19411220337460716,
    0.19314403072882605,
    0.19243535449878213,
    0.1920294678986855,
    0.19154792804997708,
    0.19174047858292076,
    0.19224233707098315,
    0.19178811628685774,
    0.19159406164674825,
    0.19125788436431956,
    0.1914820293295365,
    0.1911507531933828,
    0.19114649451240776,
    0.1914208593447216
  ],
  "dev_wer": [
    0.9985994913942432,
    0.9953562083072274,
    0.9799137581542771,
    0.9666089263995872,
    0.9565473777319131,
    0.9471492278774923,
    0.9273578299487709,
    0.9188073563557292,
    0.9082666863229278,
    0.8943353112446099,
    0.8956621088711163,
    0.8861165370581948,
    0.8722957284487525,
    0.8616076364574503,
    0.8564847233995504,
    0.8376884236907087,
    0.837319868794457,
    0.8273688865956584,
    0.8232779272472635,
    0.8225776729443851,
    0.824420447425644,
    0.8336343198319389,
    0.8017174658165334,
    0.8068403788744334,
    0.7996535583975233,
    0.7992481480116463,
    0.7937198245678694,
    0.7855747613607047,
    0.7892234548335975,
    0.7815943684811852,
    0.7837319868794457,
    0.7823314782736889,
    0.7793093281244241,
    0.7751446577967789,
    0.7784247963734198,
    0.7799358714480522,
    0.7731913168466443,
    0.76924777945675,
    0.7686949471123724,
    0.765746507942358,
    0.7602918954778314,
    0.764935687170604,
    0.760807872332584,
    0.7582279880588214,
    0.761434415656212,
    0.7550584159510559,
    0.7580068551210702,
    0.7605498839052077,
    0.7578225776729444,
    0.757122323370066,
    0.7528839420631703,
    0.7519625548225408,
    0.7539527512623005,
    0.7556849592746839,
    0.7562009361294365,
    0.7520362658017912,
    0.7536947628349243,
    0.7521836877602919,
    0.7532156414697969,
    0.7537316183245495
  ],