{
  "epoch": [
    1,
    2,
    3,
    4,
    5,
    6,
    7,
    8,
    9,
    10,
    11,
    12,
    13,
    14,
    15,
    16,
    17,
    18,
    19,
    20,
    21,
    22,
    23,
    24,
    25,
    26,
    27,
    28,
    29,
    30,
    31,
    32,
    33,
    34,
    35,
    36,
    37,
    38,
    39,
    40,
    41,
    42,
    43,
    44,
    45,
    46,
    47,
    48,
    49,
    50,
    51,
    52,
    53,
    54,
    55,
    56,
    57,
    58,
    59,
    60
  ],
  "train_loss": [
    3.2546515062512684,
    2.5116067222116416,
    2.1720910651203047,
    1.981605904092514,
    1.850195576134042,
    1.7412580612265034,
    1.639321003676442,
    1.5822512249887726,
    1.5033798740233904,
    1.4719727618213543,
    1.4078755302684298,
    1.3650281223250025,
    1.3449671117611874,
    1.2951018842159476,
    1.2786422387807947,
    1.2379321027930381,
    1.2247840335339675,
    1.1991425658204429,
    1.168957052652728,
    1.1532990389154771,
    1.1355124868973783,
    1.1400784813327554,
    1.1062163091245503,
    1.100968719877824,
    1.1031432733123685,
    1.0884502194055314,
    1.084202977610223,
    1.0619670428611614,
    1.0454914179849035,
    1.0445393576543518,
    1.022158383464617,
    1.0368658478367967,
    1.0103243199395544,
    1.001399892593117,
    1.0065676848338956,
    1.0161303845943246,
    1.0220020838971,
    1.0056347834720534,
    0.9837979046405588,
    0.9735038279260627,
    0.9820811551048922,
    0.968762285547492,
    0.9512799384662644,
    0.9565880668997274,
    0.9443776678646543,
    0.9556249008502489,
    0.925760456993256,
    0.9309625636648249,
    0.9205971020484658,
    0.9221343097618088,
    0.9025827392383858,
    0.905084904574563,
    0.8916782301394537,
    0.8637775127534513,
    0.8421415397782385,
    0.8327742561759282,
    0.8049674370161299,
    0.8137966987404803,
    0.803271205030351,
    0.8053762016227707
  ],
  "dev_loss": [
    3.007630911924071,
    2.3236484315435764,
    2.0540081181768644,
    1.8842392048593295,
    1.732978894548901,
    1.6728054153717171,
    1.556869434098066,
    1.5177922738810716,
    1.4548759541269076,
    1.4241317429785,
    1.3697371780872345,
    1.3672879989874565,
    1.3256493938171257,
    1.289265462907694,
    1.2835454940795898,
    1.2361373189142195,
    1.2318634072602805,
    1.2326991315615379,
    1.2154518123400413,
    1.2123042425866855,
    1.1956437538235873,
    1.2115396579443398,
    1.1643592927415491,
    1.1334651147915145,
    1.1572058104862601,
    1.1828075142230017,
    1.130533885652736,
    1.151746653904349,
    1.1349532028376046,
    1.1348926192623074,
    1.134843134779041,
    1.1093393761222645,
    1.1094308874364627,
    1.081354497347848,
    1.0981755867853003,
    1.1102327335689028,
    1.0727379705946325,
    1.0816953177169217,
    1.0708965724807675,
    1.0863877686403565,
    1.0627954794188677,
    1.0831255584450092,
    1.0597415298728619,
    1.0829736943972312,
    1.0671742780733917,
    1.0570741497864158,
    1.039107741945881,
    1.022586124428248,
    1.0279974902080278,
    1.021597170223624,
    1.0244593317225827,
    1.0304821734711276,
    1.0316999913272211,
    1.0018828248573561,
    1.0072196979643935,
    0.9868557483462964,
    0.9930716990414312,
    0.9888529040045657,
    0.9877868840249918,
    0.9862259202084299
  ],
  "dev_cer": [
    0.8345101078562038,
    0.609089614118339,
    0.5507907623156945,
    0.4943745639931487,
    0.45396194523540423,
    0.4308412002981257,
    0.4004321170953563,
    0.38615202564549156,
    0.37181479468077133,
    0.36282244597718144,
    0.3490388592568187,
    0.3475411884307997,
    0.33648627987320834,
    0.3250388917686759,
    0.32174427783422616,
    0.31261521057145236,
    0.3088130970706825,
    0.31085085509194393,
    0.30205311273961083,
    0.30299844440328577,
    0.30036652316450807,
    0.2967434240005627,
    0.2913355139774804,
    0.28615802359676473,
    0.28816951687645126,
    0.29527692597993566,
    0.2818717670682527,
    0.2784298827439213,
    0.27488459329685744,
    0.2813206675491624,
    0.2784040301351999,
    0.2745427982793237,
    0.2758772724887373,
    0.27327442711234795,
    0.2684122762470531,
    0.2704156616249588,
    0.26849385502625467,
    0.2733748897174277,
    0.2743836729540197,
    0.26663724899277125,
    0.26867856274195406,
    0.2664728975368822,
    0.2641501364245202,
    0.26260809873455127,
    0.2663404504500934,
    0.26142075309122587,
    0.2556958505396287,
    0.2559491699928297,
    0.2552565478839922,
    0.2534257580669695,
    0.25389452686530684,
    0.2532253253540778,
    0.25233394605731285,
    0.2458354273126929,
    0.2463413273036717,
    0.2429773780659783,
    0.2411392597943923,
    0.2396876691174795,
    0.2391859801225013,
    0.2387698642514411
  ],
  "dev_wer": [
    0.9986827248776816,
    0.9994730899510726,
    0.9990214527662777,
    0.9988332706059465,
    0.9990967256304102,
    0.9972901768912307,
    0.9902521640948438,
    0.987768159578472,
    0.9796763266842303,
    0.9821603312006022,
    0.9729017689123071,
    0.9725254045916447,
    0.9676703048550997,
    0.9491155438464434,
    0.9480993601806549,
    0.9645464809936019,
    0.9393300715092209,
    0.9566428302596914,
    0.9320662401204366,
    0.9376740684983064,
    0.9290929619872036,
    0.9231840421528039,
    0.9307866014301844,
    0.9155438464433572,
    0.9197214904027098,
    0.9200978547233722,
    0.9143394806172375,
    0.9160331200602183,
    0.9075649228453143,
    0.9105758374106134,
    0.9021829130598419,
    0.9019194580353782,
    0.9113285660519382,
    0.9077531050056454,
    0.8923221678584871,
    0.8954083552879187,
    0.8917199849454271,
    0.8958599924727136,
    0.8975536319156944,
    0.8911554384644336,
    0.890440346255175,
    0.8889725254045916,
    0.8847572450131728,
    0.8804666917576214,
    0.8947685359427926,
    0.8809559653744825,
    0.8796386902521641,
    0.8776439593526534,
    0.8796763266842303,
    0.8769288671433948,
    0.8722995859992473,
    0.8653744824990591,
    0.8708694015807301,
    0.860030109145653,
    0.8595408355287919,
    0.860971019947309,
    0.8552126458411743,
    0.8537071885585247,
    0.8533684606699284,
    0.8541211893112532
  ],
  "lr": [
    0.0002916,
    0.0003,
    0.0003,
    0.0003,
    0.0003,
    0.0003,
    0.0003,
    0.0003,
    0.0003,
    0.0003,
    0.0003,
    0.0003,
    0.0003,
    0.0003,
    0.0003,
    0.0003,
    0.0003,
    0.0003,
    0.0003,
    0.0003,
    0.0003,
    0.0003,
    0.0003,
    0.0003,
    0.0003,
    0.0003,
    0.0003,
    0.0003,
    0.0003,
    0.0003,
    0.0003,
    0.0003,
    0.0003,
    0.0003,
    0.0003,
    0.0003,
    0.0003,
    0.0003,
    0.0003,
    0.0003,
    0.0003,
    0.0003,
    0.0003,
    0.0003,
    0.0003,
    0.0003,
    0.0003,
    0.0003,
    0.00029490591103021566,
    0.00027997079786577355,
    0.00025621246378738883,
    0.00022524999999999997,
    0.00018919344724282683,
    0.0001505,
    0.00011180655275717314,
    7.575000000000003e-05,
    4.4787536212611154e-05,
    2.1029202134226408e-05,
    6.094088969784303e-06,
    1e-06
  ],