epoch,train_loss,train_loss_std,dev_loss,dev_cer,dev_wer,epoch_time_sec,learning_rate_end,grad_norm_mean,tokens_per_sec,peak_mem_gb,last_step
1,2.5673064889452606,0.30939860603118297,1.8617582926984693,0.5104053603412056,0.9855414518048393,1219.8446233272552,0.00028143399808769234,0.972506655591109,34845.20636014704,6.328610816,1236
