{
  "backbone": "rwkv6_nonnormal_rse_viscosity",
  "checkpoint": "outputs/s8_t2_rwkv6_nonnormal_rse_viscosity_seed42/best_model.pt",
  "best_cer": 0.12016035110716186,
  "epoch": 29,
  "n_utterances": 120,
  "diagnostic": {
    "D5_nn": {
      "0": {
        "rho_base_fnorm": 0.6914232969284058,
        "rho_lora_combined_fnorm": 19.26389503479004,
        "psi_lora_combined_fnorm": 11.114140510559082,
        "mu_fnorm": 0.8257977962493896,
        "mu_mean": 0.00695046316832304
      },
      "1": {
        "rho_base_fnorm": 0.6618594527244568,
        "rho_lora_combined_fnorm": 18.36185073852539,
        "psi_lora_combined_fnorm": 11.187766075134277,
        "mu_fnorm": 0.6471318602561951,
        "mu_mean": -0.0005494626238942146
      },
      "2": {
        "rho_base_fnorm": 0.7954028844833374,
        "rho_lora_combined_fnorm": 21.573179244995117,
        "psi_lora_combined_fnorm": 13.82314682006836,
        "mu_fnorm": 0.6196160912513733,
        "mu_mean": -0.014709285460412502
      },
      "3": {
        "rho_base_fnorm": 0.7569431662559509,
        "rho_lora_combined_fnorm": 20.93764877319336,
        "psi_lora_combined_fnorm": 14.518963813781738,
        "mu_fnorm": 0.5450047254562378,
        "mu_mean": -0.02507100999355316
      },
      "4": {
        "rho_base_fnorm": 0.7114881277084351,
        "rho_lora_combined_fnorm": 21.817171096801758,
        "psi_lora_combined_fnorm": 17.38603401184082,
        "mu_fnorm": 0.46965160965919495,
        "mu_mean": -0.016814738512039185
      },
      "5": {
        "rho_base_fnorm": 0.8931483626365662,
        "rho_lora_combined_fnorm": 30.30622100830078,
        "psi_lora_combined_fnorm": 21.587804794311523,
        "mu_fnorm": 0.5181131362915039,
        "mu_mean": 0.0010448417160660028
      }
    },
    "D6_nn": {
      "0": {
        "mean_abs_rho": 0.18444865942001343,
        "p95_abs_rho": 0.8872511386871338,
        "p99_abs_rho": 2.173807144165039,
        "fraction_near_clip": 0.40509001709236325,
        "std_psi": 1.83626127243042
      },
      "1": {
        "mean_abs_rho": 0.07719781249761581,
        "p95_abs_rho": 0.1991487741470337,
        "p99_abs_rho": 0.28664547204971313,
        "fraction_near_clip": 0.29552554985810114,
        "std_psi": 1.6913251876831055
      },
      "2": {
        "mean_abs_rho": 0.053109798580408096,
        "p95_abs_rho": 0.18427295982837677,
        "p99_abs_rho": 0.2845483124256134,
        "fraction_near_clip": 0.15899425148348814,
        "std_psi": 1.8431106805801392
      },
      "3": {
        "mean_abs_rho": 0.055903252214193344,
        "p95_abs_rho": 0.16453158855438232,
        "p99_abs_rho": 0.2211911529302597,
        "fraction_near_clip": 0.13907466084021328,
        "std_psi": 1.8997269868850708
      },
      "4": {
        "mean_abs_rho": 0.07104102522134781,
        "p95_abs_rho": 0.1842743158340454,
        "p99_abs_rho": 0.2539510130882263,
        "fraction_near_clip": 0.4278801707086343,
        "std_psi": 1.746435523033142
      },
      "5": {
        "mean_abs_rho": 0.11085598170757294,
        "p95_abs_rho": 0.28126490116119385,
        "p99_abs_rho": 0.3809159994125366,
        "fraction_near_clip": 0.6145742630933952,
        "std_psi": 1.7306655645370483
      }
    },
    "D7_nn": {
      "0": {
        "mean": 0.09830004721879959,
        "p50": 0.03733637556433678,
        "p95": 0.45839959383010864,
        "p99": 0.7010531425476074,
        "max": 1.2034227848052979
      },
      "1": {
        "mean": 0.09827268868684769,
        "p50": 0.04470893368124962,
        "p95": 0.38338136672973633,
        "p99": 0.569769024848938,
        "max": 1.0644006729125977
      },
      "2": {
        "mean": 0.03927663341164589,
        "p50": 0.011287083849310875,
        "p95": 0.17274415493011475,
        "p99": 0.3106624484062195,
        "max": 0.9805710911750793
      },
      "3": {
        "mean": 0.048874713480472565,
        "p50": 0.019705524668097496,
        "p95": 0.19479212164878845,
        "p99": 0.3328826129436493,
        "max": 0.6930682063102722
      },
      "4": {
        "mean": 0.05361252278089523,
        "p50": 0.02614978328347206,
        "p95": 0.19906994700431824,
        "p99": 0.31773367524147034,
        "max": 1.0777205228805542
      },
      "5": {
        "mean": 0.10616341233253479,
        "p50": 0.057405367493629456,
        "p95": 0.37360724806785583,
        "p99": 0.5650078654289246,
        "max": 1.228725790977478
      }
    },
    "D8_nn": {
      "0": {
        "mean": 0.6924282312393188,
        "p95": 0.9928907752037048,
        "p99": 0.9983564019203186,
        "max": 0.999668300151825,
        "frac_gt_099": 0.06383567681458548
      },
      "1": {
        "mean": 0.8197431564331055,
        "p95": 0.9736793637275696,
        "p99": 0.9878552556037903,
        "max": 0.9989680647850037,
        "frac_gt_099": 0.008278777519779842
      },
      "2": {
        "mean": 0.8580841422080994,
        "p95": 0.9925869107246399,
        "p99": 0.9984011054039001,
        "max": 0.9999796152114868,
        "frac_gt_099": 0.059073800847093225
      },
      "3": {
        "mean": 0.8504211902618408,
        "p95": 0.977897584438324,
        "p99": 0.996580958366394,
        "max": 0.9999642968177795,
        "frac_gt_099": 0.024112393038355693
      },
      "4": {
        "mean": 0.8517752289772034,
        "p95": 0.9829003214836121,
        "p99": 0.9976781010627747,
        "max": 1.0000213384628296,
        "frac_gt_099": 0.03243853736670107
      },
      "5": {
        "mean": 0.7994372844696045,
        "p95": 0.9728818535804749,
        "p99": 0.9912914037704468,
        "max": 0.9996821284294128,
        "frac_gt_099": 0.012394986777605779
      }
    },
    "D9_nn": {
      "0": {
        "per_head_mean_abs_rho": [
          0.056743692606687546,
          0.07678749412298203,
          0.14355027675628662,
          0.45550790429115295
        ],
        "spread": 0.3987642228603363
      },
      "1": {
        "per_head_mean_abs_rho": [
          0.04991810396313667,
          0.06315460056066513,
          0.09137318283319473,
          0.11275863647460938
        ],
        "spread": 0.062840536236763
      },
      "2": {
        "per_head_mean_abs_rho": [
          0.04616521671414375,
          0.03733810782432556,
          0.056326910853385925,
          0.07960865646600723
        ],
        "spread": 0.04227054864168167
      },
      "3": {
        "per_head_mean_abs_rho": [
          0.038344740867614746,
          0.05061525106430054,
          0.06102656200528145,
          0.08164723962545395
        ],
        "spread": 0.0433024987578392
      },
      "4": {
        "per_head_mean_abs_rho": [
          0.05591776967048645,
          0.060151562094688416,
          0.07090433686971664,
          0.10559451580047607
        ],
        "spread": 0.049676746129989624
      },
      "5": {
        "per_head_mean_abs_rho": [
          0.08764857798814774,
          0.09867044538259506,
          0.11447513848543167,
          0.15071244537830353
        ],
        "spread": 0.06306386739015579
      }
    },
    "kappa": 0.6
  },
  "aggregates": {
    "max_rho_lora_fnorm": 30.30622100830078,
    "max_p95_abs_rho": 0.8872511386871338,
    "max_non_normality_mean": 0.10616341233253479,
    "max_spectral_radius": 1.0000213384628296,
    "max_frac_spectral_unstable": 0.06383567681458548
  },
  "decision_tree_leaf": "AMBIGUOUS ENGAGED \u2014 mechanism moved (|LoRA_\u03c1|_F=30.31, non-normality=0.106) but no CER break at this scale. Mechanism-level finding, not next main run."
}