{
  "backbone": "rwkv6_sparse_nonnormal_rse_viscosity",
  "checkpoint": "outputs/s9a_rwkv6_sparse_nonnormal_rse_viscosity_seed42/best_model.pt",
  "best_cer": 0.14669093854482257,
  "epoch": 15,
  "n_utterances": 120,
  "diagnostic": {
    "D5_nn": {
      "0": {
        "rho_base_fnorm": 0.6285428404808044,
        "rho_lora_combined_fnorm": 16.274024963378906,
        "psi_lora_combined_fnorm": NaN,
        "mu_fnorm": 0.49314990639686584,
        "mu_mean": 0.01267094537615776
      },
      "1": {
        "rho_base_fnorm": 0.7021164298057556,
        "rho_lora_combined_fnorm": 21.616287231445312,
        "psi_lora_combined_fnorm": NaN,
        "mu_fnorm": 0.3820737302303314,
        "mu_mean": -0.0031084297224879265
      },
      "2": {
        "rho_base_fnorm": 0.5967798233032227,
        "rho_lora_combined_fnorm": 19.17482566833496,
        "psi_lora_combined_fnorm": NaN,
        "mu_fnorm": 0.3392220735549927,
        "mu_mean": -0.010112056508660316
      },
      "3": {
        "rho_base_fnorm": 0.7087250351905823,
        "rho_lora_combined_fnorm": 24.99823760986328,
        "psi_lora_combined_fnorm": NaN,
        "mu_fnorm": 0.39807918667793274,
        "mu_mean": -0.017086956650018692
      },
      "4": {
        "rho_base_fnorm": 0.8282392621040344,
        "rho_lora_combined_fnorm": 24.32648277282715,
        "psi_lora_combined_fnorm": NaN,
        "mu_fnorm": 0.36750566959381104,
        "mu_mean": -0.011860431171953678
      },
      "5": {
        "rho_base_fnorm": 0.6702790856361389,
        "rho_lora_combined_fnorm": 28.189970016479492,
        "psi_lora_combined_fnorm": NaN,
        "mu_fnorm": 0.3991544544696808,
        "mu_mean": -0.01035151258111
      }
    },
    "D6_nn": {
      "0": {
        "mean_abs_rho": 0.10010456293821335,
        "p95_abs_rho": 0.29169511795043945,
        "p99_abs_rho": 0.5236336588859558,
        "fraction_near_clip": 0.3534400396671827,
        "std_psi": 1.7574537992477417
      },
      "1": {
        "mean_abs_rho": 0.03673218935728073,
        "p95_abs_rho": 0.12144359201192856,
        "p99_abs_rho": 0.2649434506893158,
        "fraction_near_clip": 0.19684604241916065,
        "std_psi": 1.776495337486267
      },
      "2": {
        "mean_abs_rho": 0.0218123160302639,
        "p95_abs_rho": 0.0785129964351654,
        "p99_abs_rho": 0.12477242946624756,
        "fraction_near_clip": 0.04791606198400413,
        "std_psi": 1.7835183143615723
      },
      "3": {
        "mean_abs_rho": 0.030094632878899574,
        "p95_abs_rho": 0.10064753144979477,
        "p99_abs_rho": 0.17413587868213654,
        "fraction_near_clip": 0.1279656325249398,
        "std_psi": 1.7149697542190552
      },
      "4": {
        "mean_abs_rho": 0.028510456904768944,
        "p95_abs_rho": 0.09847117960453033,
        "p99_abs_rho": 0.15578094124794006,
        "fraction_near_clip": 0.16014717976006193,
        "std_psi": 1.9053606986999512
      },
      "5": {
        "mean_abs_rho": 0.04039075970649719,
        "p95_abs_rho": 0.12679272890090942,
        "p99_abs_rho": 0.2544068992137909,
        "fraction_near_clip": 0.11219416494668043,
        "std_psi": 1.738966941833496
      }
    },
    "D7_nn": {
      "0": {
        "mean": 0.12155385315418243,
        "p50": 0.060613133013248444,
        "p95": 0.4617047607898712,
        "p99": 0.7002819776535034,
        "max": 1.228197693824768
      },
      "1": {
        "mean": 0.026585154235363007,
        "p50": 0.007132963743060827,
        "p95": 0.11518022418022156,
        "p99": 0.24811507761478424,
        "max": 1.0903486013412476
      },
      "2": {
        "mean": 0.015581547282636166,
        "p50": 0.0032384516671299934,
        "p95": 0.07390059530735016,
        "p99": 0.1453317403793335,
        "max": 0.6262421011924744
      },
      "3": {
        "mean": 0.02490038052201271,
        "p50": 0.008365281857550144,
        "p95": 0.10501167923212051,
        "p99": 0.22258532047271729,
        "max": 0.8058426976203918
      },
      "4": {
        "mean": 0.021362537518143654,
        "p50": 0.006148545537143946,
        "p95": 0.09735659509897232,
        "p99": 0.1796249896287918,
        "max": 0.5551979541778564
      },
      "5": {
        "mean": 0.039291802793741226,
        "p50": 0.013805055990815163,
        "p95": 0.16863003373146057,
        "p99": 0.30069592595100403,
        "max": 1.2044897079467773
      }
    },
    "D8_nn": {
      "0": {
        "mean": 0.6868870258331299,
        "p95": 0.9706608653068542,
        "p99": 0.9919850826263428,
        "max": 0.9998268485069275,
        "frac_gt_099": 0.015090191778465772
      },
      "1": {
        "mean": 0.8426085114479065,
        "p95": 0.994418203830719,
        "p99": 0.999321460723877,
        "max": 1.0001672506332397,
        "frac_gt_099": 0.08205107015393877
      },
      "2": {
        "mean": 0.8696258664131165,
        "p95": 0.9972018599510193,
        "p99": 0.9996811151504517,
        "max": 1.0001589059829712,
        "frac_gt_099": 0.1105984745872033
      },
      "3": {
        "mean": 0.8630320429801941,
        "p95": 0.9830743074417114,
        "p99": 0.995455265045166,
        "max": 0.9998911023139954,
        "frac_gt_099": 0.02551357714138287
      },
      "4": {
        "mean": 0.8792280554771423,
        "p95": 0.9963878393173218,
        "p99": 0.9997026324272156,
        "max": 1.0001863241195679,
        "frac_gt_099": 0.08611352984176127
      },
      "5": {
        "mean": 0.8223017454147339,
        "p95": 0.9756299257278442,
        "p99": 0.9925218224525452,
        "max": 0.999904990196228,
        "frac_gt_099": 0.015356924019607842
      }
    },
    "D9_nn": {
      "0": {
        "per_head_mean_abs_rho": [
          0.060650866478681564,
          0.09454456716775894,
          0.10337816923856735,
          0.14843939244747162
        ],
        "spread": 0.08778852224349976
      },
      "1": {
        "per_head_mean_abs_rho": [
          0.01848362199962139,
          0.023453043773770332,
          0.03167014941573143,
          0.07856980711221695
        ],
        "spread": 0.06008618324995041
      },
      "2": {
        "per_head_mean_abs_rho": [
          0.018118247389793396,
          0.014066100120544434,
          0.02322603203356266,
          0.0371379591524601
        ],
        "spread": 0.023071859031915665
      },
      "3": {
        "per_head_mean_abs_rho": [
          0.02625500224530697,
          0.022149955853819847,
          0.030618051066994667,
          0.044987063854932785
        ],
        "spread": 0.022837108001112938
      },
      "4": {
        "per_head_mean_abs_rho": [
          0.021969569846987724,
          0.02042985148727894,
          0.03108651004731655,
          0.04547129198908806
        ],
        "spread": 0.02504144050180912
      },
      "5": {
        "per_head_mean_abs_rho": [
          0.02882133424282074,
          0.03439389541745186,
          0.03620488941669464,
          0.06731333583593369
        ],
        "spread": 0.038492001593112946
      }
    },
    "D10_nn_gate": {
      "0": {
        "gate_raw": [
          0.8897754549980164,
          0.06536605954170227,
          0.2520027756690979,
          0.2789551317691803
        ],
        "gate_sigmoid": [
          0.7088438272476196,
          0.5163357257843018,
          0.5626693367958069,
          0.569290041923523
        ],
        "gate_min": 0.5163357257843018,
        "gate_max": 0.7088438272476196,
        "gate_spread": 0.19250810146331787
      },
      "1": {
        "gate_raw": [
          0.8183960318565369,
          0.41957148909568787,
          0.15252038836479187,
          0.09669575095176697
        ],
        "gate_sigmoid": [
          0.6938957571983337,
          0.6033807396888733,
          0.5380563735961914,
          0.5241551399230957
        ],
        "gate_min": 0.5241551399230957,
        "gate_max": 0.6938957571983337,