{
  "epoch": [
    1,
    2,
    3,
    4,
    5,
    6,
    7,
    8,
    9,
    10,
    11,
    12,
    13,
    14,
    15,
    16,
    17,
    18,
    19,
    20,
    21,
    22,
    23,
    24,
    25,
    26,
    27,
    28,
    29,
    30,
    31,
    32,
    33,
    34,
    35,
    36,
    37,
    38,
    39,
    40,
    41,
    42,
    43,
    44,
    45,
    46,
    47,
    48,
    49,
    50,
    51,
    52,
    53,
    54,
    55,
    56,
    57,
    58,
    59,
    60
  ],
  "train_loss": [
    3.3309554312945395,
    2.333583566387004,
    1.7314854112181643,
    1.4984863650651625,
    1.3619251750378942,
    1.2537203160087758,
    1.1982867106979276,
    1.1566200181535242,
    1.0964209231329554,
    1.062482318637793,
    1.0246276339140448,
    0.9939973278300752,
    0.9815157854262694,
    0.9391402199925709,
    0.9349081025692662,
    0.8958620061109095,
    0.8839308523224214,
    0.853954047025967,
    0.8403902186287774,
    0.8315716321453636,
    0.8171702080057481,
    0.8016906617354954,
    0.7728672616888956,
    0.7755874671317913,
    0.7590111151889518,
    0.7424127865475392,
    0.7261271239430817,
    0.7231401650871269,
    0.7137654749331651,
    0.703798228146608,
    0.6780247812163193,
    0.6808139751722784,
    0.666842171807348,
    0.6578580280880869,
    0.6549297630664253,
    0.6563527230863218,
    0.6510354614061583,
    0.637058785116231,
    0.6153429611106959,
    0.6156774005036295,
    0.6233714505600831,
    0.6025733561427505,
    0.5816435480927243,
    0.5957410065112291,
    0.5829084521090543,
    0.5920140442779526,
    0.5657760805063287,
    0.5751027401705338,
    0.5709068118728728,
    0.5815171886373449,
    0.5660632612651267,
    0.5733413352887817,
    0.5715033663091836,
    0.5595334749592185,
    0.5548547539139481,
    0.5589254039795801,
    0.5421348386463315,
    0.5597642390019119,
    0.5510602414975931,
    0.5565454250377883
  ],
  "dev_loss": [
    3.455696184756392,
    1.783135432308003,
    1.4785902707253473,
    1.3489180030459065,
    1.2204787670555761,
    1.1556816212201522,
    1.0981799222655215,
    1.0441249740325798,
    1.002750981662233,
    1.0086792944851568,
    0.9971264641163713,
    0.9680808555271666,
    0.9586299549219972,
    0.9303444070836245,
    0.8979369752993018,
    0.8865879387673685,
    0.9031464035733271,
    0.8714764279834295,
    0.858098240221961,
    0.8567660597421355,
    0.844005113941128,
    0.8472030943228026,
    0.8254176340365814,
    0.8173578735125266,
    0.8186998652704691,
    0.8237001966621916,
    0.784887316115832,
    0.8072425147234383,
    0.7905653167074009,
    0.7701573962882414,
    0.7732467441740682,
    0.791083392702927,
    0.770805570281158,
    0.7580854061801555,
    0.751654887098377,
    0.7803587527093241,
    0.7429564607850576,
    0.7385039864960363,
    0.7433168822425907,
    0.7382510708550275,
    0.7323101640252744,
    0.7309090558250072,
    0.7290118028551845,
    0.738178112749326,
    0.7537979266401065,
    0.7236851501767918,
    0.7204642889358229,
    0.7245204958875301,
    0.7286749123516729,
    0.7218511043968847,
    0.7174085196802171,
    0.7254587156792819,
    0.7221696599055145,
    0.7234660551204519,
    0.7185927493087316,
    0.7216830761250803,
    0.719759273074441,
    0.7197481785285271,
    0.7213835261635861,
    0.7182328802044109
  ],
  "dev_cer": [
    0.9652002531166983,
    0.4995548767965898,
    0.40511618982043235,
    0.3599313916640054,
    0.3255853514614475,
    0.30702336976807443,
    0.28843826161608555,
    0.27218114104353486,
    0.26196020111558704,
    0.2578777043651065,
    0.25448281154249847,
    0.24768537375865804,
    0.2431314600345163,
    0.23138481834461602,
    0.22872585171813004,
    0.22485271399487872,
    0.22378874892205983,
    0.2158984947525579,
    0.21539754003106967,
    0.20895237375190512,
    0.2065480700421958,
    0.20279214946308452,
    0.20106548515141734,
    0.20080475400417638,
    0.19560274395519786,
    0.196750951010245,
    0.19072004179360943,
    0.1883230923611779,
    0.18839765205038056,
    0.187159329317958,
    0.18299657258189297,
    0.1869822610396826,
    0.18021347610423474,
    0.18137216075049303,
    0.17797139379441493,
    0.17764163537377037,
    0.17570346922469982,
    0.17416038465497624,
    0.17465833678769718,
    0.17171554587337573,
    0.17098855646369907,
    0.17163830693075097,
    0.1690558567340648,
    0.17085716245375285,
    0.1696406961931949,
    0.16809757423061444,
    0.16673992338545113,
    0.16635756188032141,
    0.16598124522131244,
    0.16576053465546833,
    0.16431043902023323,
    0.16525098065916588,
    0.16509779466601646,
    0.1644215250661135,
    0.16388994814405303,
    0.16391393637451585,
    0.16350221237562,
    0.16350625172582084,
    0.16391091413717926,
    0.16365874511812392
  ],
  "dev_wer": [
    0.9999247271358676,
    0.9935265336846067,
    0.9732404968009033,
    0.956417011667294,
    0.9368837034249153,
    0.9212645841174256,
    0.9088445615355665,
    0.886375611592021,
    0.8753481369966127,
    0.8717350395182537,
    0.859239744072262,
    0.8534813699661272,
    0.8454271735039518,
    0.8286413248024087,
    0.831351147911178,
    0.815506210011291,
    0.8094843808806925,
    0.7955212645841174,
    0.7962739932254422,
    0.7886714339480617,
    0.7813323296951449,
    0.7683853970643583,
    0.7739555890101618,
    0.7633797515995484,
    0.7529920963492661,
    0.7554384644335717,
    0.7394429808054196,
    0.7458035378246142,
    0.7375235227700414,
    0.7351900639819345,
    0.7248024087316522,
    0.72882950696274,
    0.7182913059841927,
    0.7154309371471584,
    0.7094843808806925,
    0.7058712834023334,
    0.7039518253669552,
    0.6980052691004893,
    0.6944298080541964,
    0.6943168987579977,
    0.6865637937523523,
    0.6891607075649229,
    0.6797515995483628,
    0.684644335716974,
    0.680240873165224,
    0.6768535942792623,
    0.6776063229205871,
    0.6732781332329695,
    0.6746706812194204,
    0.6732781332329695,
    0.6696650357546104,
    0.6720361309747835,
    0.6716597666541212,
    0.6695521264584118,
    0.6661272111403839,
    0.6674821226947686,
    0.6678961234474972,
    0.6670304855099737,
    0.667557395558901,
    0.6664283025969138
  ],
  "lr": [
    0.0002916,
    0.00029980674696989366,
    0.00029920442458050093,
    0.00029819451369965036,
    0.0002967797824228689,
    0.000294964108430251,
    0.0002927524683580016,
    0.0002901509241578318,
    0.0002871666064815614,
    0.00028380769513650393,
    0.00028008339666518137,
    0.0002760039191108316,
    0.0002715804440378686,
    0.0002668250958839972,
    0.0002617509087279665,
    0.0002563717905640679,
    0.0002507024851812905,
    0.000244758531751622,
    0.0002385562222382524,
    0.00023211255674044002,
    0.00022544519689742117,
    0.00021857241747908285,
    0.0002115130562960903,
    0.000204286462566756,
    0.0001969124438821774,
    0.0001894112119150069,
    0.00018180332702066282,
    0.00017410964188282305,
    0.00016635124435766796,
    0.00015854939967353522,
    0.0001507254921444043,
    0.00014290096655697894,
    0.00013509726939201858,
    0.0001273357900410239,
    0.00011963780217940323,
    0.00011202440545680302,
    0.00010451646766443977,
    9.713456753793265e-05,
    8.989893835241801e-05,
    8.282941246455122e-05,
    7.594536695339424e-05,
    6.926567050918882e-05,
    6.280863171558904e-05,
    5.6591948867104756e-05,
    5.063266145930677e-05,
    4.4947103484755347e-05,
    3.955085866266034e-05,
    3.4458717724990715e-05,
    2.9684637876106176e-05,
    2.5241704537030415e-05,
    2.1142095479221333e-05,
    1.739704744614602e-05,
    1.401682535414793e-05,
    1.1010694157025104e-05,
    8.386893451435061e-06,
    6.152614892733768e-06,
    4.313982483147732e-06,
    2.876035786309925e-06,
    1.842716114165791e-06,
    1.2168557241116606e-06
  ],