{
  "epoch": [
    1,
    2,
    3,
    4,
    5,
    6,
    7,
    8,
    9,
    10,
    11,
    12,
    13,
    14,
    15,
    16,
    17,
    18,
    19,
    20,
    21,
    22,
    23,
    24,
    25,
    26,
    27,
    28,
    29,
    30,
    31,
    32,
    33,
    34,
    35,
    36,
    37,
    38,
    39,
    40,
    41,
    42,
    43,
    44,
    45,
    46,
    47,
    48,
    49,
    50,
    51,
    52,
    53,
    54,
    55,
    56,
    57,
    58,
    59,
    60
  ],
  "train_loss": [
    3.4028136401510043,
    2.413783598093339,
    1.7698743282031622,
    1.522555975757018,
    1.3775457411145968,
    1.2566233449021484,
    1.1943910889664795,
    1.1377556696840765,
    1.0761776853490759,
    1.0394108685446375,
    1.0018184754092998,
    0.9609360761112637,
    0.9589957542134901,
    0.9141348687464318,
    0.8986267968705652,
    0.8680910925561018,
    0.8568243133555714,
    0.8226464273630346,
    0.8004591342353036,
    0.7963301655932219,
    0.7847385772584398,
    0.7727957916725811,
    0.7426866772488802,
    0.7366353610660804,
    0.7237361082692205,
    0.7094174287446733,
    0.6959372082487546,
    0.6935074483293565,
    0.6784202216706648,
    0.6692361859872998,
    0.6455308181145554,
    0.644977811371348,
    0.6346656287035334,
    0.6260044889930835,
    0.6232835395959179,
    0.6241083216274717,
    0.6193280083591065,
    0.6068890468819151,
    0.5816510279850705,
    0.5830057407480208,
    0.59045233954618,
    0.5706843291965041,
    0.549846711350076,
    0.5642937504582934,
    0.5492487370722579,
    0.5581240082473912,
    0.5333050162887868,
    0.5421426828199454,
    0.5368873964182634,
    0.5494444825276426,
    0.532055546134833,
    0.5398333267971812,
    0.5377425733233185,
    0.5262463882933428,
    0.5207378858156165,
    0.5269581637816665,
    0.5096442610822587,
    0.5270161256500723,
    0.5193743851695041,
    0.5223156738980317
  ],
  "dev_loss": [
    3.5675603999929915,
    1.7880153059959412,
    1.4626150212045443,
    1.3697209565316217,
    1.2105029417296587,
    1.1533425329095226,
    1.0741364981158306,
    1.0306017201835826,
    1.0034221749184495,
    1.0086669421802132,
    0.9681464726642027,
    0.944832765955036,
    0.916578654010417,
    0.9035762937392219,
    0.8802317992105322,
    0.8611754562895176,
    0.8530982333724781,
    0.8369693372209194,
    0.8161281703387276,
    0.8274360086958287,
    0.8311511609008757,
    0.8206672234050298,
    0.7806700995918048,
    0.7951654097286321,
    0.7873521565885867,
    0.7784899127180294,
    0.7637462939246226,
    0.7665795668707056,
    0.7538111987760512,
    0.7469297720719192,
    0.7509350256394531,
    0.7480066039804685,
    0.743307309888177,
    0.7215850128460739,
    0.7346817848540969,
    0.7381068612054243,
    0.7226136468224607,
    0.7151745088019613,
    0.7119565563181699,
    0.7150619257304628,
    0.7016685908123598,
    0.7100145609702094,
    0.7135248772673688,
    0.7091119828618179,
    0.7051723389807394,
    0.7049531163805622,
    0.7035881265745325,
    0.7018029702416921,
    0.7036273298879802,
    0.6945145678217128,
    0.6997152306770874,
    0.6953406604164738,
    0.7019072318986311,
    0.6991939448704154,
    0.6954044019014148,
    0.6963246722342604,
    0.6957064786199796,
    0.697627716397835,
    0.6954229894583508,
    0.6963768936062263
  ],
  "dev_cer": [
    0.990022952578817,
    0.5060459728897361,
    0.4099266505232708,
    0.36757743902223206,
    0.3250801457905518,
    0.30196132379171753,
    0.2824332911871812,
    0.27020103173879323,
    0.26153725589833304,
    0.25739723329566916,
    0.24458438339256844,
    0.24205741535097547,
    0.2338307145923747,
    0.2261120236578215,
    0.22209616507218255,
    0.21728585805018444,
    0.21190676273892098,
    0.21038140004173436,
    0.20527444579295168,
    0.20436102882665927,
    0.20330089614896216,
    0.2005694021105031,
    0.19358582291200951,
    0.19248166228747463,
    0.1893428732260429,
    0.18604638293697465,
    0.18549657587862653,
    0.18345650977273376,
    0.17992464162393923,
    0.18080961408452637,
    0.17810388933247676,
    0.17572828532951343,
    0.17619894933807387,
    0.17312547594135036,
    0.17178366450188784,
    0.1721245641981569,
    0.16953030418638249,
    0.16886664953366504,
    0.16653538281985428,
    0.1656493367272638,
    0.1649038395805244,
    0.16458471504658967,
    0.16461485226999245,
    0.16328843362014941,
    0.1621436208540765,
    0.16252494335583637,
    0.1622801021516636,
    0.16060779084820906,
    0.16052998873054639,
    0.15964586915298737,
    0.1596579336799517,
    0.15891656826680467,
    0.1592213838555562,
    0.15986971821536416,
    0.15874989998564348,
    0.15877828679990214,
    0.15885169235616747,
    0.15880124231925435,
    0.15882061127962518,
    0.1587589878779705
  ],
  "dev_wer": [
    1.0,
    0.9960481746330447,
    0.9744824990590892,
    0.9614226571321038,
    0.938088069251035,
    0.9200978547233722,
    0.8978923598042906,
    0.8856981558148288,
    0.8808430560782837,
    0.867707941287166,
    0.8497553631915694,
    0.8442604441098984,
    0.8262325931501694,
    0.8122694768535943,
    0.8170493037260068,
    0.7984569062852842,
    0.7848325178773052,
    0.7758750470455401,
    0.768799397817087,
    0.7645464809936018,
    0.7636808430560783,
    0.7498682724877681,
    0.7473842679713963,
    0.7363944298080543,
    0.7264207753105005,
    0.7182913059841927,
    0.7149792999623635,
    0.7198343996989085,
    0.7071885585246519,
    0.700940910801656,
    0.696085811065111,
    0.6880316146029356,
    0.6860745201354912,
    0.6849077907414377,
    0.6814452389913436,
    0.6784343244260445,
    0.6736921339856982,
    0.6655250282273241,
    0.6647722995859993,
    0.6654121189311253,
    0.6593902898005269,
    0.661121565675574,
    0.6587504704554008,
    0.6521264584117425,
    0.6499059089198344,
    0.6526533684606699,
    0.6506586375611592,
    0.6448626270229583,
    0.6472713586751976,
    0.6410989838163342,
    0.6450131727512232,
    0.6400828001505457,
    0.6414000752728641,
    0.6415882574331954,
    0.640910801656003,
    0.6405344373353407,
    0.6395182536695522,
    0.6383891607075649,
    0.6398193451260821,
    0.6398946179902145
  ],
  "lr": [
    0.0002916,
    0.00029980674696989366,
    0.00029920442458050093,
    0.00029819451369965036,
    0.0002967797824228689,
    0.000294964108430251,
    0.0002927524683580016,
    0.0002901509241578318,
    0.0002871666064815614,
    0.00028380769513650393,
    0.00028008339666518137,
    0.0002760039191108316,
    0.0002715804440378686,
    0.0002668250958839972,
    0.0002617509087279665,
    0.0002563717905640679,
    0.0002507024851812905,
    0.000244758531751622,
    0.0002385562222382524,
    0.00023211255674044002,
    0.00022544519689742117,
    0.00021857241747908285,
    0.0002115130562960903,
    0.000204286462566756,
    0.0001969124438821774,
    0.0001894112119150069,
    0.00018180332702066282,
    0.00017410964188282305,
    0.00016635124435766796,
    0.00015854939967353522,
    0.0001507254921444043,
    0.00014290096655697894,
    0.00013509726939201858,
    0.0001273357900410239,
    0.00011963780217940323,
    0.00011202440545680302,
    0.00010451646766443977,
    9.713456753793265e-05,
    8.989893835241801e-05,
    8.282941246455122e-05,
    7.594536695339424e-05,
    6.926567050918882e-05,
    6.280863171558904e-05,
    5.6591948867104756e-05,
    5.063266145930677e-05,
    4.4947103484755347e-05,
    3.955085866266034e-05,
    3.4458717724990715e-05,
    2.9684637876106176e-05,
    2.5241704537030415e-05,
    2.1142095479221333e-05,
    1.739704744614602e-05,
    1.401682535414793e-05,
    1.1010694157025104e-05,
    8.386893451435061e-06,
    6.152614892733768e-06,
    4.313982483147732e-06,
    2.876035786309925e-06,
    1.842716114165791e-06,
    1.2168557241116606e-06
  ],