{
  "backbone": "transformer",
  "seq_len": 64,
  "n_kv_pairs": 16,
  "n_queries": 16,
  "vocab_size": 8192,
  "n_parameters": 8548096,
  "steps_taken": 2000,
  "epochs_taken": 3,
  "early_stopped": true,
  "best_per_seq_acc": 0.9983333333333333,
  "best_per_query_acc": 0.9998958333333333,
  "best_step": 2000,
  "final_per_seq_acc": 0.9983333333333333,
  "final_per_query_acc": 0.9998958333333333,
  "final_loss": 0.0010798261960347493,
  "wall_sec": 51.86019849777222,
  "seed": 42
}