{
  "epoch": [
    1,
    2,
    3,
    4,
    5,
    6,
    7,
    8,
    9,
    10,
    11,
    12,
    13,
    14,
    15,
    16,
    17,
    18,
    19,
    20,
    21,
    22,
    23,
    24,
    25,
    26,
    27,
    28,
    29,
    30,
    31,
    32,
    33,
    34,
    35,
    36,
    37,
    38,
    39,
    40,
    41,
    42,
    43,
    44,
    45,
    46,
    47,
    48,
    49,
    50,
    51,
    52,
    53,
    54,
    55,
    56,
    57,
    58,
    59,
    60
  ],
  "train_loss": [
    3.3739186942332076,
    2.329250436996727,
    1.7423699059113553,
    1.5173255958184293,
    1.3798015009719158,
    1.2697957424224648,
    1.2114411785033505,
    1.1637531030815815,
    1.100059064695374,
    1.0639180782645818,
    1.0255861263952137,
    0.9916681103990892,
    0.984302566620548,
    0.9449769303877167,
    0.9304942032437266,
    0.8976656624073844,
    0.886097904953937,
    0.8605548340842557,
    0.8379274714630818,
    0.8289716596343389,
    0.8159871058454239,
    0.8052246868610382,
    0.7780908680379145,
    0.773791400432096,
    0.7600730886920489,
    0.7418874518738853,
    0.7315720944615548,
    0.7336242664375423,
    0.7169032496066741,
    0.7070812840520599,
    0.6822896241037933,
    0.6830827200118407,
    0.671241403423219,
    0.6623002450162001,
    0.6636383766500057,
    0.6610575088380296,
    0.6555620511004954,
    0.6425469278553386,
    0.6194000780091855,
    0.6213676527203846,
    0.6298956259042637,
    0.6111577536466191,
    0.5868598365611991,
    0.6023506767465254,
    0.5896509271345021,
    0.5964350002538029,
    0.57144926506796,
    0.5821173270175486,
    0.5758801443893232,
    0.5879578550533994,
    0.5710377376143334,
    0.5784969470873782,
    0.5767273951337171,
    0.5646444725892181,
    0.560519592936147,
    0.5646667653089198,
    0.5471407704883151,
    0.5658776744464298,
    0.559333587471595,
    0.5615201153075744
  ],
  "dev_loss": [
    3.2744198916322094,
    1.7908954054622326,
    1.4928503460803275,
    1.4007003767005468,
    1.2225407129627164,
    1.177409804978613,
    1.1009111065985793,
    1.0493165896100514,
    1.0226299449548883,
    1.014736929182279,
    0.9896220521906675,
    0.9472225904464722,
    0.9548030106698052,
    0.9360492484549344,
    0.9124903411178266,
    0.8870781740899814,
    0.8781581336663942,
    0.8622269259165909,
    0.8617162616071055,
    0.8392044033034373,
    0.8740267672781217,
    0.8571227650016041,
    0.8208892949051776,
    0.8212307476896351,
    0.8162150787094892,
    0.7995354490259946,
    0.8079686806363574,
    0.83503719179307,
    0.8045830595291267,
    0.7930373006452949,
    0.7993336127976239,
    0.8029551162558087,
    0.7781064725023205,
    0.7845066108946073,
    0.7777492176678221,
    0.7887814368231821,
    0.7881293147802353,
    0.750347847403106,
    0.7736464498911874,
    0.7482349407874932,
    0.7453510122278989,
    0.7470170458999731,
    0.7465316395638353,
    0.7480569954140711,
    0.7543481578261165,
    0.7426872869669381,
    0.745256856588994,
    0.7423095902649023,
    0.7430067628116931,
    0.7342686925904226,
    0.7468588046603284,
    0.731649114166276,
    0.7390119443505497,
    0.7381275733143596,
    0.736732719560801,
    0.7408696008940875,
    0.7431148331044084,
    0.7423613927627014,
    0.7391194822424549,
    0.7391583818500325
  ],
  "dev_cer": [
    0.9591642216600575,
    0.49887464961886857,
    0.4055082000197881,
    0.36960991193980125,
    0.32661015547590483,
    0.3074213284572554,
    0.2871062463099945,
    0.27374416128291856,
    0.2662084183234058,
    0.2578480184763578,
    0.24893496684267818,
    0.2440050056659339,
    0.23788936282299306,
    0.2316067575141867,
    0.22984487988195634,
    0.22189536468605875,
    0.21684689834240264,
    0.21300280309673422,
    0.2115060528687175,
    0.2062193283954503,
    0.21176012438995173,
    0.20235825605482863,
    0.20171008386145817,
    0.20033466328142407,
    0.1967077973202054,
    0.19444404481161773,
    0.19380217964262084,
    0.19309024408848746,
    0.1882759509771598,
    0.1891301003424712,
    0.18381807560051935,
    0.18537908310896745,
    0.18150867513775448,
    0.177428999468019,
    0.18053949305107458,
    0.17890332375759632,
    0.17809703332157817,
    0.1763282677307675,
    0.1755893616552418,
    0.173879836699438,
    0.17332746756414233,
    0.17312723551478126,
    0.17193873017354888,
    0.17030709455236817,
    0.1705558437678864,
    0.17022850113242266,
    0.17000235764062882,
    0.1698559966676603,
    0.16838658532707063,
    0.16804918611780625,
    0.1672270049453712,
    0.1669100395553366,
    0.16761389821937134,
    0.1667420680253591,
    0.1660679642091557,
    0.16645346423005217,
    0.16636979223485812,
    0.16629557614915136,
    0.1660261159310983,
    0.16595847381054593
  ],
  "dev_wer": [
    0.9985698155814828,
    0.9964998118178396,
    0.9706059465562664,
    0.962702295822356,
    0.9378246142265714,
    0.9222807677832141,
    0.9060218291305984,
    0.8897628904779827,
    0.87617613850207,
    0.8692886714339481,
    0.8560782837786978,
    0.8512231840421528,
    0.8413248024087316,
    0.8257809559653745,
    0.842002258185924,
    0.8156191193074896,
    0.8022958223560407,
    0.798908543470079,
    0.7852088821979676,
    0.778208505833647,
    0.7828377869777945,
    0.7629657508468197,
    0.7672563041023711,
    0.7624388407978924,
    0.7527662777568687,
    0.7460293564170116,
    0.7427549868272488,
    0.7418893488897252,
    0.7336093338351525,
    0.7313511479111781,
    0.7214904027098231,
    0.7224689499435454,
    0.7129845690628528,
    0.7090703801279639,
    0.7092209258562289,
    0.7039518253669552,
    0.7024087316522394,
    0.6977041776439593,
    0.7002258185923974,
    0.6942792623259315,
    0.6929243507715469,
    0.6893865261573203,
    0.6847196085811065,
    0.6879563417388032,
    0.6813323296951449,
    0.6803914188934889,
    0.683703424915318,
    0.6816334211516748,
    0.6768912307113286,
    0.6770041400075273,
    0.6738803161460294,
    0.6741061347384268,
    0.6750470455400828,
    0.6712834023334587,
    0.6700414000752729,
    0.6724877681595784,
    0.6719608581106511,
    0.6715092209258562,
    0.670530673692134,
    0.6697779450508092
  ],
  "lr": [
    0.0002916,
    0.00029980674696989366,
    0.00029920442458050093,
    0.00029819451369965036,
    0.0002967797824228689,
    0.000294964108430251,
    0.0002927524683580016,
    0.0002901509241578318,
    0.0002871666064815614,
    0.00028380769513650393,
    0.00028008339666518137,
    0.0002760039191108316,
    0.0002715804440378686,
    0.0002668250958839972,
    0.0002617509087279665,
    0.0002563717905640679,
    0.0002507024851812905,
    0.000244758531751622,
    0.0002385562222382524,
    0.00023211255674044002,
    0.00022544519689742117,
    0.00021857241747908285,
    0.0002115130562960903,
    0.000204286462566756,
    0.0001969124438821774,
    0.0001894112119150069,
    0.00018180332702066282,
    0.00017410964188282305,
    0.00016635124435766796,
    0.00015854939967353522,
    0.0001507254921444043,
    0.00014290096655697894,
    0.00013509726939201858,
    0.0001273357900410239,
    0.00011963780217940323,
    0.00011202440545680302,
    0.00010451646766443977,
    9.713456753793265e-05,
    8.989893835241801e-05,
    8.282941246455122e-05,
    7.594536695339424e-05,
    6.926567050918882e-05,
    6.280863171558904e-05,
    5.6591948867104756e-05,
    5.063266145930677e-05,
    4.4947103484755347e-05,
    3.955085866266034e-05,
    3.4458717724990715e-05,
    2.9684637876106176e-05,
    2.5241704537030415e-05,
    2.1142095479221333e-05,
    1.739704744614602e-05,
    1.401682535414793e-05,
    1.1010694157025104e-05,
    8.386893451435061e-06,
    6.152614892733768e-06,
    4.313982483147732e-06,
    2.876035786309925e-06,
    1.842716114165791e-06,
    1.2168557241116606e-06
  ],