epoch,train_loss,train_loss_std,dev_loss,dev_cer,dev_wer,epoch_time_sec,learning_rate_end,grad_norm_mean,tokens_per_sec,peak_mem_gb,last_step
1,2.586727897519047,0.3056532055320863,1.9035428899233457,0.5268182389954077,0.9941689805632685,90.17807626724243,0.00028143399808769234,0.9986247150739805,496968.70443266584,3.591840768,1236
2,1.8518948951392498,0.1739376784301464,1.503948522395775,0.4043049919874948,0.8689805632685442,88.0979208946228,1e-06,0.9603490498170112,496902.24399529875,3.591873024,2472
