{
  "epoch": [
    1,
    2,
    3,
    4,
    5,
    6,
    7,
    8,
    9,
    10,
    11,
    12,
    13,
    14,
    15,
    16,
    17,
    18,
    19,
    20,
    21,
    22,
    23,
    24,
    25,
    26,
    27,
    28,
    29,
    30,
    31,
    32,
    33,
    34,
    35,
    36,
    37,
    38,
    39,
    40,
    41,
    42,
    43,
    44,
    45,
    46,
    47,
    48,
    49,
    50,
    51,
    52,
    53,
    54,
    55,
    56,
    57,
    58,
    59,
    60
  ],
  "train_loss": [
    3.2203729608912526,
    1.9337817518799394,
    1.548927523471691,
    1.3884904217818146,
    1.2970656390788624,
    1.2205030136883503,
    1.1844890789730558,
    1.1525129688129503,
    1.1027867981681116,
    1.0806823066232627,
    1.0451843011281128,
    1.019083259404932,
    1.0183730210051125,
    0.9726031701015346,
    0.9671144047637045,
    0.9340827574209912,
    0.9288086773436747,
    0.9011374780670606,
    0.8785606546043859,
    0.8690193219439973,
    0.8626165724830863,
    0.853842958501337,
    0.8249776161011354,
    0.8227480333528401,
    0.803821401402293,
    0.7908859248637172,
    0.7815117576607952,
    0.7767632933555807,
    0.76163423772702,
    0.7545342783255832,
    0.7305496350360015,
    0.7315270488644824,
    0.7158768991997213,
    0.7085317762668241,
    0.7112715433163898,
    0.7090079751279619,
    0.7045567686910983,
    0.689639428883423,
    0.6637173217755777,
    0.6658226848261837,
    0.6751671738830614,
    0.6535287308104244,
    0.6332892759591954,
    0.6464619481391868,
    0.6340990054877207,
    0.6424373739663466,
    0.6151838004589081,
    0.6261037410899936,
    0.6209827223984302,
    0.6319713785692498,
    0.6157418075535033,
    0.6219150028478952,
    0.6202675518368987,
    0.6070548829473095,
    0.6033500429288841,
    0.6073955188010945,
    0.5910563825211897,
    0.6082100915442769,
    0.6017491460582356,
    0.6048193692302508
  ],
  "dev_loss": [
    2.413039860078844,
    1.593489908565909,
    1.3825442351527133,
    1.310845635705075,
    1.1995328583959806,
    1.1610539747496782,
    1.1094358477552058,
    1.0897323292190746,
    1.0786402594234983,
    1.0509760112075481,
    1.0409082073276326,
    1.0115420717304036,
    0.9855614451028533,
    0.9769429226042861,
    0.9596560395370095,
    0.9571514685275191,
    0.93203204870224,
    0.9255562651965578,
    0.8918045615240678,
    0.8979265260494361,
    0.8976625075279656,
    0.889850032531609,
    0.8896982826418796,
    0.8757707299822468,
    0.8648433561547327,
    0.8777754094641087,
    0.8851040983099049,
    0.8642516110913229,
    0.8798118698394904,
    0.8599241643638934,
    0.8566576921838825,
    0.8702663150379213,
    0.8412048162545188,
    0.8405213383799892,
    0.8580177204083588,
    0.8563181924617896,
    0.8407373582407579,
    0.8376215415990959,
    0.8338502478801598,
    0.832836496880499,
    0.8336945383225457,
    0.8358994356151355,
    0.825531099307335,
    0.8267057729979693,
    0.8321733128721431,
    0.8190087663420176,
    0.8334680431980198,
    0.8343280897302142,
    0.8274555085069042,
    0.8263715192423029,
    0.8252039236032357,
    0.8287616761054023,
    0.8311233207330866,
    0.8257929306414168,
    0.827045085824142,
    0.8308104016518189,
    0.8271312178191492,
    0.8270901077884739,
    0.8251697325100333,
    0.8254824189816491
  ],
  "dev_cer": [
    0.6504905336158523,
    0.4299908937771973,
    0.3692779504846209,
    0.341430632079132,
    0.31270559804928016,
    0.29869720318599163,
    0.2923433040528462,
    0.27935283269287736,
    0.27618146355470546,
    0.2713424169550619,
    0.26980141609580394,
    0.26184713623364997,
    0.25494566524196793,
    0.2496014272049823,
    0.24581424491753914,
    0.2461663534194669,
    0.24229370433397282,
    0.23776362979527424,
    0.23053330435854552,
    0.2292600004824792,
    0.22958745470696434,
    0.22370031871398116,
    0.22335079078621337,
    0.22315889862562086,
    0.2175864827866182,
    0.22031055600730004,
    0.22106220696704618,
    0.2157172370342567,
    0.21631744988812202,
    0.2127597101456731,
    0.2111012035987375,
    0.21275629953992276,
    0.20841740379969903,
    0.20785494836102072,
    0.2066386947404435,
    0.20877535895962662,
    0.20327073027279782,
    0.2018458868095595,
    0.20151324003036802,
    0.20166705751033615,
    0.20220913069724686,
    0.2006765179373864,
    0.19956528116908603,
    0.19723278181380002,
    0.20078750603963533,
    0.1962773174939692,
    0.19864000704209633,
    0.19749062599293746,
    0.19637331990181084,
    0.19580033466734167,
    0.1952771145848658,
    0.1946740275533868,
    0.1946125229994524,
    0.19452531519760988,
    0.19422046923100306,
    0.19468426004421652,
    0.19394242915891655,
    0.19366887569630276,
    0.1936771846142903,
    0.1937949611049432
  ],
  "dev_wer": [
    0.9990967256304102,
    0.9783590515619119,
    0.9605570191945804,
    0.9447873541588258,
    0.9298833270605946,
    0.9163718479488144,
    0.9068121942039895,
    0.8974783590515619,
    0.8931125329318781,
    0.886676703048551,
    0.8786601430184419,
    0.870380127963869,
    0.8670681219420399,
    0.8513737297704178,
    0.8499435453519006,
    0.8452766277756869,
    0.8395182536695521,
    0.8299962363567934,
    0.8216785848701543,
    0.8172374858863379,
    0.8221678584870155,
    0.8090703801279638,
    0.8072638313887843,
    0.8045916447120813,
    0.7956341738803161,
    0.8089574708317652,
    0.7981934512608204,
    0.793263078660143,
    0.8024087316522394,
    0.7848325178773052,
    0.7815957847196086,
    0.7817463304478736,
    0.7738426797139631,
    0.7751975912683478,
    0.7716597666541212,
    0.7695144900263455,
    0.7645088445615356,
    0.7593902898005269,
    0.7556266465939029,
    0.7595031990967256,
    0.758148287542341,
    0.7543470079036507,
    0.7515995483628152,
    0.7495671810312382,
    0.7533308242378622,
    0.7468949943545352,
    0.7508844561535566,
    0.7471960858110651,
    0.7435829883327061,
    0.7406849830636055,
    0.7420775310500565,
    0.7400828001505457,
    0.7418893488897252,
    0.740270982310877,
    0.7387278885961611,
    0.7406473466315393,
    0.7388031614602936,
    0.7382009785472338,
    0.7381633421151674,
    0.7384267971396311
  ],
  "lr": [
    0.0002916,
    0.00029980674696989366,
    0.00029920442458050093,
    0.00029819451369965036,
    0.0002967797824228689,
    0.000294964108430251,
    0.0002927524683580016,
    0.0002901509241578318,
    0.0002871666064815614,
    0.00028380769513650393,
    0.00028008339666518137,
    0.0002760039191108316,
    0.0002715804440378686,
    0.0002668250958839972,
    0.0002617509087279665,
    0.0002563717905640679,
    0.0002507024851812905,
    0.000244758531751622,
    0.0002385562222382524,
    0.00023211255674044002,
    0.00022544519689742117,
    0.00021857241747908285,
    0.0002115130562960903,
    0.000204286462566756,
    0.0001969124438821774,
    0.0001894112119150069,
    0.00018180332702066282,
    0.00017410964188282305,
    0.00016635124435766796,
    0.00015854939967353522,
    0.0001507254921444043,
    0.00014290096655697894,
    0.00013509726939201858,
    0.0001273357900410239,
    0.00011963780217940323,
    0.00011202440545680302,
    0.00010451646766443977,
    9.713456753793265e-05,
    8.989893835241801e-05,
    8.282941246455122e-05,
    7.594536695339424e-05,
    6.926567050918882e-05,
    6.280863171558904e-05,
    5.6591948867104756e-05,
    5.063266145930677e-05,
    4.4947103484755347e-05,
    3.955085866266034e-05,
    3.4458717724990715e-05,
    2.9684637876106176e-05,
    2.5241704537030415e-05,
    2.1142095479221333e-05,
    1.739704744614602e-05,
    1.401682535414793e-05,
    1.1010694157025104e-05,
    8.386893451435061e-06,
    6.152614892733768e-06,
    4.313982483147732e-06,
    2.876035786309925e-06,
    1.842716114165791e-06,
    1.2168557241116606e-06
  ],