{
  "backbone": "linear_attn_causal",
  "seq_len": 64,
  "n_kv_pairs": 16,
  "n_queries": 16,
  "vocab_size": 8192,
  "n_parameters": 8548096,
  "steps_taken": 30000,
  "epochs_taken": 39,
  "early_stopped": false,
  "best_per_seq_acc": 0.8886666666666667,
  "best_per_query_acc": 0.9924166666666666,
  "best_step": 27000,
  "final_per_seq_acc": 0.8886666666666667,
  "final_per_query_acc": 0.9923958333333334,
  "final_loss": 0.02186393682161967,
  "wall_sec": 1048.5715985298157,
  "seed": 42
}