{
  "epoch": [
    1,
    2,
    3,
    4,
    5,
    6,
    7,
    8,
    9,
    10,
    11,
    12,
    13,
    14,
    15,
    16,
    17,
    18,
    19,
    20,
    21,
    22,
    23,
    24,
    25,
    26,
    27,
    28,
    29,
    30,
    31,
    32,
    33,
    34,
    35,
    36,
    37,
    38,
    39,
    40,
    41,
    42,
    43,
    44,
    45,
    46,
    47,
    48,
    49,
    50,
    51,
    52,
    53,
    54,
    55,
    56,
    57,
    58,
    59,
    60
  ],
  "train_loss": [
    3.369895005912938,
    2.352094529096972,
    1.7592379475326696,
    1.535398205857218,
    1.3987132909366624,
    1.2895628936251495,
    1.2321362008528454,
    1.183455714840948,
    1.1201689199165061,
    1.0855129477663785,
    1.0395243029290266,
    0.9979756957709544,
    0.9866159933584707,
    0.9469317064118483,
    0.9312546476415156,
    0.890041404790839,
    0.8792400147934509,
    0.848160072486587,
    0.8219051728400674,
    0.8130051206659388,
    0.7988000877600148,
    0.7861075289700747,
    0.7546006378568249,
    0.749683858067901,
    0.7306127019011925,
    0.7151999236256988,
    0.7050924632897593,
    0.7003226299222114,
    0.6894979221830643,
    0.6772557256030448,
    0.6494604863011788,
    0.6467644564286181,
    0.6368056364326811,
    0.6267693357948413,
    0.6246966286083308,
    0.6221561203768224,
    0.6181095222877376,
    0.6056563959690769,
    0.5797780718148491,
    0.582173322269946,
    0.5888393187719118,
    0.56975888031623,
    0.5492839685989996,
    0.5590689382190076,
    0.5474320578354376,
    0.5558088890319008,
    0.530620167284836,
    0.5395440866427167,
    0.5350070763762595,
    0.5460675767174473,
    0.5295957910057939,
    0.5370733534970892,
    0.535072718352202,
    0.5228639039605734,
    0.518302212496108,
    0.5239944190645414,
    0.506122078884531,
    0.522480060380918,
    0.516099407655712,
    0.5199825280181174
  ],
  "dev_loss": [
    3.448347841278981,
    1.7527723241660556,
    1.5011998091713856,
    1.4047026573601415,
    1.2250830556376506,
    1.1697111503552582,
    1.1018466403928853,
    1.0318553341647325,
    1.008551685991934,
    0.9841910696635812,
    1.0383938136747328,
    0.9663733370223287,
    0.9135737676741713,
    0.9027903607841266,
    0.8664088772009995,
    0.8508163127353636,
    0.844690894171343,
    0.8104959514181492,
    0.8102879673242569,
    0.8554531649007635,
    0.8253886490050009,
    0.8063490903478557,
    0.7866772840083656,
    0.7879099977218499,
    0.766920669856718,
    0.765496691909887,
    0.7593435349605852,
    0.7715800505573467,
    0.791493814880565,
    0.7320623839810744,
    0.7408460075572386,
    0.7238137722015381,
    0.719854711981143,
    0.7121280851000447,
    0.7184330136594126,
    0.7223825442083811,
    0.7176866612191928,
    0.6995950954950462,
    0.7125804987499269,
    0.7029920222900682,
    0.6868792150990438,
    0.7002509746511104,
    0.6923607214022491,
    0.7046325216859074,
    0.690469158150382,
    0.6916236186684188,
    0.6886018705317529,
    0.6858631047909542,
    0.6847481991527444,
    0.6880149800898665,
    0.6827070267271187,
    0.6835038895576687,
    0.6813197518556805,
    0.6842644421731011,
    0.6848510203220076,
    0.683700732002824,
    0.6840681191218101,
    0.685889333360276,
    0.684345697068562,
    0.6832976328619456
  ],
  "dev_cer": [
    0.9828697903338963,
    0.49597668327499284,
    0.42399859884253943,
    0.3832915825241339,
    0.33883735367502327,
    0.315143306037008,
    0.30048325917680124,
    0.2782260177195525,
    0.2691005419874127,
    0.25860553255986607,
    0.26252388237650415,
    0.25222336586377225,
    0.23814377829381345,
    0.23329058557853571,
    0.2276198353348685,
    0.22081914207119802,
    0.21956995881455235,
    0.20850973531039318,
    0.2068110669132533,
    0.20782957433901136,
    0.20495083478602738,
    0.20152660681923648,
    0.19504998328126952,
    0.19755959250776423,
    0.1903898379648601,
    0.18872493565267778,
    0.1867916733280565,
    0.18654786767682752,
    0.18477607820172348,
    0.1801449631499868,
    0.17859110628227082,
    0.17743594818749284,
    0.17349256843460276,
    0.17191064297206893,
    0.17062424892895908,
    0.1703327505029768,
    0.16937337864897056,
    0.16841343673976827,
    0.16880216616359728,
    0.16580248182954432,
    0.1639986404512101,
    0.1649109655728686,
    0.16136234663887283,
    0.16316280950505085,
    0.1618513667910732,
    0.1612685202348171,
    0.16024974291377908,
    0.15929763960893598,
    0.15947299210862387,
    0.1597805385114922,
    0.15869001695694498,
    0.15805830892284883,
    0.15824727636190297,
    0.1580385168023577,
    0.15797232172529868,
    0.15750992943503944,
    0.15755089767045927,
    0.15770030002796823,
    0.15746728279684588,
    0.15743483295884605
  ],
  "dev_wer": [
    0.9999623635679338,
    0.9931125329318781,
    0.9702672186676703,
    0.9611592021076402,
    0.9388031614602935,
    0.9307866014301844,
    0.9091456529920964,
    0.8931501693639443,
    0.880730146782085,
    0.867557395558901,
    0.8616108392924351,
    0.8521640948438088,
    0.8360180654873918,
    0.824764772299586,
    0.8207753105005645,
    0.8059089198343997,
    0.8007527286413249,
    0.7824614226571321,
    0.7779826872412495,
    0.7720737674068499,
    0.7695521264584118,
    0.7576213774934136,
    0.74764772299586,
    0.7447120812946932,
    0.7317651486639066,
    0.7284155062100113,
    0.7224313135114792,
    0.7231464057207376,
    0.7155438464433572,
    0.7045163718479488,
    0.6984945427173503,
    0.6946556266465939,
    0.6839292435077154,
    0.6803537824614226,
    0.677267595031991,
    0.6742566804666917,
    0.6709070380127964,
    0.6638313887843432,
    0.6673692133985698,
    0.6631915694392172,
    0.6552126458411742,
    0.6606699284907791,
    0.6503575461046293,
    0.6516748212269476,
    0.6470455400828001,
    0.6464057207376741,
    0.645126082047422,
    0.6395558901016184,
    0.640270982310877,
    0.6398946179902145,
    0.6370342491531803,
    0.6376740684983063,
    0.6382009785472337,
    0.6357546104629281,
    0.6364697026721867,
    0.6343620624764772,
    0.6349266089574709,
    0.6339856981558148,
    0.6342867896123447,
    0.6339856981558148
  ],
  "lr": [
    0.0002916,
    0.00029980674696989366,
    0.00029920442458050093,
    0.00029819451369965036,
    0.0002967797824228689,
    0.000294964108430251,
    0.0002927524683580016,
    0.0002901509241578318,
    0.0002871666064815614,
    0.00028380769513650393,
    0.00028008339666518137,
    0.0002760039191108316,
    0.0002715804440378686,
    0.0002668250958839972,
    0.0002617509087279665,
    0.0002563717905640679,
    0.0002507024851812905,
    0.000244758531751622,
    0.0002385562222382524,
    0.00023211255674044002,
    0.00022544519689742117,
    0.00021857241747908285,
    0.0002115130562960903,
    0.000204286462566756,
    0.0001969124438821774,
    0.0001894112119150069,
    0.00018180332702066282,
    0.00017410964188282305,
    0.00016635124435766796,
    0.00015854939967353522,
    0.0001507254921444043,
    0.00014290096655697894,
    0.00013509726939201858,
    0.0001273357900410239,
    0.00011963780217940323,
    0.00011202440545680302,
    0.00010451646766443977,
    9.713456753793265e-05,
    8.989893835241801e-05,
    8.282941246455122e-05,
    7.594536695339424e-05,
    6.926567050918882e-05,
    6.280863171558904e-05,
    5.6591948867104756e-05,
    5.063266145930677e-05,
    4.4947103484755347e-05,
    3.955085866266034e-05,
    3.4458717724990715e-05,
    2.9684637876106176e-05,
    2.5241704537030415e-05,
    2.1142095479221333e-05,
    1.739704744614602e-05,
    1.401682535414793e-05,
    1.1010694157025104e-05,
    8.386893451435061e-06,
    6.152614892733768e-06,
    4.313982483147732e-06,
    2.876035786309925e-06,
    1.842716114165791e-06,
    1.2168557241116606e-06
  ],