{
  "backbone": "mamba2_convshift_multidil_symmetric_v2",
  "seq_len": 256,
  "n_kv_pairs": 64,
  "n_queries": 64,
  "vocab_size": 8192,
  "n_parameters": 9617320,
  "steps_taken": 1000,
  "epochs_taken": 2,
  "early_stopped": true,
  "best_per_seq_acc": 0.9993333333333333,
  "best_per_query_acc": 0.9999895833333333,
  "best_step": 1000,
  "final_per_seq_acc": 0.9993333333333333,
  "final_per_query_acc": 0.9999895833333333,
  "final_loss": 0.6834096781412761,
  "wall_sec": 118.65355515480042,
  "seed": 42
}