{
  "backbone": "rwkv6_lucid",
  "seq_len": 256,
  "n_kv_pairs": 64,
  "n_queries": 64,
  "vocab_size": 8192,
  "n_parameters": 10028056,
  "steps_taken": 3000,
  "epochs_taken": 4,
  "early_stopped": true,
  "best_per_seq_acc": 0.9993333333333333,
  "best_per_query_acc": 0.9999895833333333,
  "best_step": 3000,
  "final_per_seq_acc": 0.9993333333333333,
  "final_per_query_acc": 0.9999895833333333,
  "final_loss": 0.00913545435667038,
  "wall_sec": 354.8025906085968,
  "seed": 42
}