{
  "run_dir": "outputs/linear_attn_convshift_multidil_symmetric_seed42",
  "backbone": "linear_attn_convshift_multidil_symmetric",
  "spec": "Stage 11.0a diagnostics per STAGE10_PLAN.md \u00a77.5",
  "probes": {
    "ep15": {
      "checkpoint": "checkpoint_ep15.pt",
      "epoch": 15,
      "best_cer": 0.22741976765367736,
      "n_utterances_probed": 142,
      "per_layer": [
        {
          "depth": 0,
          "n_batches": 1,
          "phi_k_mean": 0.6009168028831482,
          "phi_k_frac_tiny": 0.005375152453780174,
          "den_percentiles": [
            83.85710906982422,
            260.0315856933594,
            1009.8426513671875,
            1984.2269287109375,
            3144.4423828125
          ],
          "den_frac_below_1e-5": 0.0,
          "S_norm_percentiles": [
            1074.62646484375,
            1684.3162841796875,
            2187.0546875
          ],
          "Z_norm_percentiles": [
            1946.766357421875,
            2872.198974609375,
            3701.093994140625
          ],
          "S_norm_trajectory_median": [
            508.0023498535156,
            759.1031494140625,
            975.3325805664062,
            1073.96923828125
          ],
          "T_eff_max": 61
        },
        {
          "depth": 1,
          "n_batches": 1,
          "phi_k_mean": 0.17400184273719788,
          "phi_k_frac_tiny": 0.11256328970193863,
          "den_percentiles": [
            0.5900341272354126,
            2.235813856124878,
            131.38800048828125,
            454.576171875,
            920.2101440429688
          ],
          "den_frac_below_1e-5": 0.0,
          "S_norm_percentiles": [
            661.314697265625,
            1024.2027587890625,
            1239.6529541015625
          ],
          "Z_norm_percentiles": [
            651.4200439453125,
            1141.3419189453125,
            1399.1063232421875
          ],
          "S_norm_trajectory_median": [
            306.23638916015625,
            489.8766174316406,
            581.2195434570312,
            660.0599365234375
          ],
          "T_eff_max": 61
        },
        {
          "depth": 2,
          "n_batches": 1,
          "phi_k_mean": 0.45489224791526794,
          "phi_k_frac_tiny": 0.0007143504917621613,
          "den_percentiles": [
            75.94530487060547,
            137.34176635742188,
            402.0809326171875,
            805.3095703125,
            1130.5799560546875
          ],
          "den_frac_below_1e-5": 0.0,
          "S_norm_percentiles": [
            1782.24609375,
            2175.000244140625,
            2534.208251953125
          ],
          "Z_norm_percentiles": [
            1645.29052734375,
            2019.4320068359375,
            2234.77978515625
          ],
          "S_norm_trajectory_median": [
            753.2918090820312,
            1244.8441162109375,
            1638.8411865234375,
            1778.0108642578125
          ],
          "T_eff_max": 61
        },
        {
          "depth": 3,
          "n_batches": 1,
          "phi_k_mean": 0.08132617175579071,
          "phi_k_frac_tiny": 0.7364721894264221,
          "den_percentiles": [
            1.1122294836241053e-06,
            3.287936351625831e-06,
            0.00036352770985104144,
            102.62825775146484,
            353.50286865234375
          ],
          "den_frac_below_1e-5": 0.2306702733039856,
          "S_norm_percentiles": [
            135.3133544921875,
            1485.1319580078125,
            1808.1929931640625
          ],
          "Z_norm_percentiles": [
            19.589038848876953,
            1137.9501953125,
            1350.16015625
          ],
          "S_norm_trajectory_median": [
            122.79745483398438,
            122.79984283447266,
            122.85319519042969,
            122.85576629638672
          ],
          "T_eff_max": 61
        },
        {
          "depth": 4,
          "n_batches": 1,
          "phi_k_mean": 0.04933390021324158,
          "phi_k_frac_tiny": 0.3587673306465149,
          "den_percentiles": [
            4.146766514168121e-05,
            0.00021391610789578408,
            0.449853777885437,
            2.119403839111328,
            4.906965255737305
          ],
          "den_frac_below_1e-5": 0.0,
          "S_norm_percentiles": [
            484.32421875,
            617.8870239257812,
            736.4976806640625
          ],
          "Z_norm_percentiles": [
            191.97161865234375,
            242.11959838867188,
            272.2545471191406
          ],
          "S_norm_trajectory_median": [
            234.89364624023438,
            341.233154296875,
            432.1069030761719,
            483.2207336425781
          ],
          "T_eff_max": 61
        },
        {
          "depth": 5,
          "n_batches": 1,
          "phi_k_mean": 0.04752161353826523,
          "phi_k_frac_tiny": 0.5227164626121521,
          "den_percentiles": [
            2.9468940283550182e-06,
            1.0464944352861494e-05,
            0.024673255160450935,
            5.157901763916016,
            15.622398376464844
          ],
          "den_frac_below_1e-5": 0.0972093939781189,
          "S_norm_percentiles": [
            363.90643310546875,
            804.264404296875,
            973.7158813476562
          ],
          "Z_norm_percentiles": [
            103.13522338867188,
            400.44091796875,
            485.87994384765625
          ],
          "S_norm_trajectory_median": [
            203.3292999267578,
            281.3148193359375,
            330.01739501953125,
            362.08502197265625
          ],
          "T_eff_max": 61
        }
      ]
    },
    "ep30": {
      "checkpoint": "checkpoint_ep30.pt",
      "epoch": 30,
      "best_cer": 0.19769524014440057,
      "n_utterances_probed": 142,
      "per_layer": [
        {
          "depth": 0,
          "n_batches": 1,
          "phi_k_mean": 0.5944000482559204,
          "phi_k_frac_tiny": 0.007930012419819832,
          "den_percentiles": [
            84.61638641357422,
            248.71939086914062,
            922.4150390625,
            1856.6390380859375,
            3056.52880859375
          ],
          "den_frac_below_1e-5": 0.0,
          "S_norm_percentiles": [
            1089.2083740234375,
            1740.87060546875,
            2187.619384765625
          ],
          "Z_norm_percentiles": [
            1901.691162109375,
            2895.847900390625,
            3683.127685546875
          ],
          "S_norm_trajectory_median": [
            518.77685546875,
            782.882568359375,
            999.407958984375,
            1089.1719970703125
          ],
          "T_eff_max": 61
        },
        {
          "depth": 1,
          "n_batches": 1,
          "phi_k_mean": 0.17577394843101501,
          "phi_k_frac_tiny": 0.12332235276699066,
          "den_percentiles": [
            0.6633657813072205,
            2.860856056213379,
            124.62495422363281,
            420.291748046875,
            854.2774658203125
          ],
          "den_frac_below_1e-5": 0.0,
          "S_norm_percentiles": [
            644.9402465820312,
            1029.8978271484375,
            1196.46728515625
          ],
          "Z_norm_percentiles": [
            645.290283203125,
            1164.119384765625,
            1397.8575439453125
          ],
          "S_norm_trajectory_median": [
            319.28314208984375,
            474.7347717285156,
            580.5537719726562,
            643.1519775390625
          ],
          "T_eff_max": 61
        },
        {
          "depth": 2,
          "n_batches": 1,
          "phi_k_mean": 0.4625777006149292,
          "phi_k_frac_tiny": 0.0009936996502801776,