{
  "backbone": "mamba2_lucid_c",
  "seq_len": 1024,
  "n_kv_pairs": 256,
  "n_queries": 256,
  "vocab_size": 8192,
  "n_parameters": 9559744,
  "steps_taken": 3000,
  "epochs_taken": 4,
  "early_stopped": true,
  "best_per_seq_acc": 0.9996666666666667,
  "best_per_query_acc": 0.99991796875,
  "best_step": 2000,
  "final_per_seq_acc": 0.9996666666666667,
  "final_per_query_acc": 0.9999986979166666,
  "final_loss": 9.009280878429612e-05,
  "wall_sec": 2282.304812192917,
  "seed": 42
}