{
  "epoch": [
    1,
    2,
    3,
    4,
    5,
    6,
    7,
    8,
    9,
    10,
    11,
    12,
    13,
    14,
    15,
    16,
    17,
    18,
    19,
    20,
    21,
    22,
    23,
    24,
    25,
    26,
    27,
    28,
    29,
    30,
    31,
    32,
    33,
    34,
    35,
    36,
    37,
    38,
    39,
    40,
    41,
    42,
    43,
    44,
    45,
    46,
    47,
    48,
    49,
    50,
    51,
    52,
    53,
    54,
    55,
    56,
    57,
    58,
    59,
    60,
    61,
    62,
    63,
    64,
    65,
    66,
    67,
    68,
    69,
    70,
    71,
    72,
    73,
    74,
    75,
    76,
    77,
    78,
    79,
    80
  ],
  "train_loss": [
    3.735129740012526,
    3.222237545276375,
    3.0993806177696572,
    2.989200027391253,
    2.9303708841771257,
    2.883999938827483,
    2.806216254155822,
    2.737779038923758,
    2.6599263664135715,
    2.5738523138893976,
    2.50845067540314,
    2.436735471089681,
    2.3927692486425487,
    2.3456357857327403,
    2.314893073996399,
    2.264354865001553,
    2.2490720665503923,
    2.20175449519491,
    2.199847643758044,
    2.1784845907011148,
    2.136255031750526,
    2.137353160253768,
    2.1387870110602045,
    2.1199760623429538,
    2.0970899879687117,
    2.0730754259682485,
    2.0659424956933954,
    2.047932138658845,
    2.0364906410130943,
    2.042360035480295,
    2.0007070477116744,
    2.031152364403132,
    1.9936706713197654,
    2.008711196758129,
    1.9791183201864424,
    1.9581234842661477,
    1.954347659285667,
    1.9684289316091028,
    1.9647744967613692,
    1.9473835092513159,
    1.9472662102538372,
    1.9513579857202223,
    1.9021488457550237,
    1.9362066677568381,
    1.9146333655702725,
    1.893259529223658,
    1.9005736115047471,
    1.9122946919727717,
    1.899425721462862,
    1.9108773420867606,
    1.876470751968431,
    1.8816716663631392,
    1.8731363523644184,
    1.8704653325885412,
    1.8509429457746907,
    1.867222158506574,
    1.873230008921996,
    1.8384674317797516,
    1.8576391147978513,
    1.8413942130014238,
    1.8461706196820293,
    1.8344757753144567,
    1.8484890627762909,
    1.8421006877235915,
    1.844583153969957,
    1.824613435032927,
    1.8333393516854495,
    1.8295032870131755,
    1.827723714304559,
    1.84493177491451,
    1.8176097629492174,
    1.8109409166461645,
    1.8283269390647794,
    1.8124372767813413,
    1.813037711897014,
    1.8152215184007652,
    1.8141151443430426,
    1.813186363428218,
    1.8099937492927896,
    1.8253908920189972
  ],
  "dev_loss": [
    4.139160786644887,
    3.926674396304761,
    3.038770629187762,
    3.008368977045609,
    2.899215728549634,
    2.812285540467602,
    2.6239580320099654,
    2.523458761683965,
    2.3752480583675837,
    2.169603151790166,
    2.0608577960628573,
    1.9538608627804255,
    1.9085692955275713,
    1.7997973924976285,
    1.7921657865330325,
    1.641062496072155,
    1.6589008408077692,
    1.6271864236411402,
    1.5920647827245422,
    1.594968216904139,
    1.552473899671587,
    1.5011805103997053,
    1.4733175903053608,
    1.4470844531463365,
    1.463535958932618,
    1.4461469988701707,
    1.4203791320323944,
    1.3703996028940557,
    1.38236014317658,
    1.3894061511856015,
    1.3723511317018735,
    1.3887219656321963,
    1.325062706813974,
    1.3172024609678883,
    1.327327633308152,
    1.3223617491075548,
    1.3161731407804005,
    1.3211230443695845,
    1.2674620580875267,
    1.2416621886067472,
    1.2379728894112474,
    1.2475251939337133,
    1.2468389348458435,
    1.2241261965137418,
    1.2399224643990145,
    1.2220231436066709,
    1.210865873906572,
    1.206987286018113,
    1.2055562315350872,
    1.222646890555398,
    1.188180227906017,
    1.1833786216832825,
    1.174725358263921,
    1.1723084570997853,
    1.1742375851687739,
    1.1664259539822401,
    1.1765744150695154,
    1.1770523917877067,
    1.189675108861115,
    1.1725483450849177,
    1.1441805569802301,
    1.1459112217870808,
    1.1509268152511727,
    1.1513678234512523,
    1.1391475210755557,
    1.137926692679777,
    1.1456591431367196,
    1.153843720585613,
    1.1448894713894795,
    1.1378252289052737,
    1.137149434978679,
    1.1434544501668316,
    1.1431093549324294,
    1.1390179173421051,
    1.1379521463887166,
    1.138035932839927,
    1.1347887591790344,
    1.1398658989849737,
    1.1377866869255648,
    1.139201824947939
  ],
  "dev_cer": [
    1.0,
    1.0,
    0.8378924628621915,
    0.8051165655889834,
    0.7814034186418585,
    0.7680268537499524,
    0.7427333183568419,
    0.7170231707563043,
    0.6829689405429512,
    0.6359680340125552,
    0.6026820951220773,
    0.563847106009071,
    0.5484615740690826,
    0.5231216437296594,
    0.5020848668284286,
    0.48088859525347394,
    0.4685482798629069,
    0.45690086054157575,
    0.4419863425189827,
    0.44742013747190723,
    0.44105354030340543,
    0.42139010924387627,
    0.41671105904461836,
    0.40518426991003337,
    0.40788853242975665,
    0.4053282088937101,
    0.3985013050885326,
    0.3841892645884042,
    0.3862455555248119,
    0.37910709909697665,
    0.3740769821248517,
    0.3791519816434963,
    0.3690556445531858,
    0.36961144436092236,
    0.36509494535106973,
    0.3612824592869491,
    0.3530097733153415,
    0.3530120307081265,
    0.3446348704959174,
    0.34284616011949337,
    0.3399322604780488,
    0.336572025068312,
    0.3363513455733019,
    0.3321824921742181,
    0.3337876573239092,
    0.33003782536913223,
    0.32598308299345347,
    0.32542787164242937,
    0.32636169269075854,
    0.3196320265236605,
    0.31726688920090323,
    0.31975435612249614,
    0.3169536261004101,
    0.31269294491958094,
    0.3157744259901811,
    0.3135013577815655,
    0.31314948604138804,
    0.31045618067512853,
    0.31097914467774695,
    0.30864987370205904,
    0.306215302666049,
    0.30472539307050284,
    0.30407910930055315,
    0.3026383626469398,
    0.3011547612118568,
    0.3018700415012216,
    0.30096318447035597,
    0.30174763533109694,
    0.3015761543697575,
    0.29932244490374554,
    0.2992960395153176,
    0.30063462578542427,
    0.2991407560086093,
    0.29782060509019226,
    0.29803193164885317,
    0.29855425208049663,
    0.29797636341078365,
    0.29806983904293477,
    0.298239063603293,
    0.2981200429597921
  ],