{
  "epoch": [
    1,
    2,
    3,
    4,
    5,
    6,
    7,
    8,
    9,
    10,
    11,
    12,
    13,
    14,
    15,
    16,
    17,
    18,
    19,
    20,
    21,
    22,
    23,
    24,
    25,
    26,
    27,
    28,
    29,
    30,
    31,
    32,
    33,
    34,
    35,
    36,
    37,
    38,
    39,
    40,
    41,
    42,
    43,
    44,
    45,
    46,
    47,
    48,
    49,
    50,
    51,
    52,
    53,
    54,
    55,
    56,
    57,
    58,
    59,
    60,
    61,
    62,
    63,
    64,
    65,
    66,
    67,
    68,
    69,
    70,
    71,
    72,
    73,
    74,
    75,
    76,
    77,
    78,
    79,
    80
  ],
  "train_loss": [
    3.7433388306770796,
    3.223740759700414,
    3.1306892550040666,
    2.9953190068649165,
    2.962650731267262,
    2.9347374944529907,
    2.9209932123192055,
    2.886795714558888,
    2.8530733325353865,
    2.8308973057279863,
    2.7840993993076277,
    2.728273875428816,
    2.6749430237483587,
    2.6186272985160106,
    2.565010841000718,
    2.510393702934799,
    2.4764545071762774,
    2.4193048518871576,
    2.39277497191488,
    2.353106267658281,
    2.3032268437829035,
    2.280958093733454,
    2.2672643717914944,
    2.2431218930723245,
    2.2124170454931846,
    2.177319233800158,
    2.165166345398122,
    2.143409823929822,
    2.1175096888601046,
    2.119170058166049,
    2.074954615453634,
    2.0928515676608304,
    2.052174572836715,
    2.057363815513658,
    2.032756203241309,
    2.0077863529385853,
    1.993993244053405,
    2.0049669867680397,
    1.9987117101135567,
    1.9850503662486134,
    1.977675035411929,
    1.980064193652981,
    1.925072496565281,
    1.9617903750129198,
    1.93216334547035,
    1.9148811800980274,
    1.9152893838568479,
    1.924645560759085,
    1.9122398804735254,
    1.9235489275229811,
    1.8887764968499234,
    1.893483837445577,
    1.8850683869157798,
    1.8840629630128052,
    1.8593128187420926,
    1.877758125218835,
    1.8817537522610324,
    1.8500325644212494,
    1.86636105192051,
    1.8480487821524034,
    1.8517728761880976,
    1.839658077606939,
    1.8538239777333452,
    1.8463262724287717,
    1.8507356229142398,
    1.8292498235349302,
    1.8377587709407257,
    1.8370794337472798,
    1.8324405725110215,
    1.8500449628005793,
    1.8229797477584808,
    1.8138066552303456,
    1.831779443187478,
    1.8156805639404328,
    1.818073430669651,
    1.8173179425329828,
    1.8198939787507549,
    1.8170308134683366,
    1.8124654695330333,
    1.8287389405960899
  ],
  "dev_loss": [
    4.140245189101009,
    3.8103143623319724,
    3.1120175971823225,
    3.45816842984345,
    2.994309029336703,
    3.060138211411945,
    3.1351192462242254,
    2.9701733084048256,
    2.89395286875256,
    2.717080249624737,
    2.711443719217333,
    2.53250342708523,
    2.3805693569829907,
    2.270761352474407,
    2.190952541464466,
    2.091782284995257,
    2.032992034645404,
    1.965243399143219,
    1.9372481835090507,
    1.935404966443272,
    1.803927830720352,
    1.757349581031476,
    1.7007305460461115,
    1.6364842956349002,
    1.6143125426971305,
    1.6124604788877197,
    1.5618161336850311,
    1.5125792597310017,
    1.48464292590901,
    1.4895386306916254,
    1.4433953640824657,
    1.4725692524748333,
    1.417189751641225,
    1.401441875150648,
    1.4204210942074404,
    1.3814606090723458,
    1.3687895950624498,
    1.3648454269110146,
    1.3359859085689156,
    1.3471620269751146,
    1.3089612510244726,
    1.3075043437844616,
    1.291081088074183,
    1.2369155626175767,
    1.2883535012350245,
    1.2581919618582322,
    1.2457720081684953,
    1.2306900388103421,
    1.243538334713144,
    1.243735427573576,
    1.2107477996308924,
    1.1928573690228543,
    1.1952822981244426,
    1.1813865208019645,
    1.1689542228892698,
    1.1779631684392184,
    1.188398562750574,
    1.1906722289020732,
    1.2019774388458768,
    1.180311858148898,
    1.1679759763054929,
    1.169018930802911,
    1.1570073856135545,
    1.1553348161406436,
    1.1640425839666593,
    1.1553259057513738,
    1.1495710747726893,
    1.1605272939649678,
    1.1523823243076519,
    1.1500662110619626,
    1.1417316319578785,
    1.1428958409923617,
    1.144320271782956,
    1.1455742681430559,
    1.143416171356783,
    1.1403609584953824,
    1.1394485386751465,
    1.142276602781425,
    1.140785524400614,
    1.1423749933808536
  ],
  "dev_cer": [
    1.0,
    1.0,
    0.8729863266691463,
    0.835886692427299,
    0.7876251273425052,
    0.7883562043667294,
    0.7923929964362925,
    0.7869014549709827,
    0.7709668013371272,
    0.7489832454850276,
    0.7485920708482505,
    0.7088751800479752,
    0.6812216236536797,
    0.6575857697950447,
    0.6392745216614392,
    0.615942262305565,
    0.5891160892368082,
    0.5643251562139061,
    0.5447949901904049,
    0.5413038332455371,
    0.5087923205207463,
    0.4857710313276162,
    0.4732473003803732,
    0.45915469670903375,
    0.4582969699524408,
    0.4527810043290284,
    0.4350495550148309,
    0.42182762066397334,
    0.4142232159949671,
    0.41199771692727494,
    0.4014896831995938,
    0.3986340018097528,
    0.38562312745305777,
    0.38554877123642317,
    0.38630409197613874,
    0.3749230491420449,
    0.3675132145305927,
    0.36578289159212823,
    0.3622207973618957,
    0.3570677507939352,
    0.35059951108029846,
    0.34640188730043087,
    0.3456324735476121,
    0.33767357062534864,
    0.339690937277498,
    0.33372375484527206,
    0.33309428206519665,
    0.32872597315893054,
    0.3294127838427453,
    0.32454204921495966,
    0.31971745249389005,
    0.31916074659730637,
    0.31831943719024874,
    0.3138512610326943,
    0.3118260588885378,
    0.31540959317076467,
    0.31120197617447604,
    0.31188159557966877,
    0.3089299815664921,
    0.3072890322797832,
    0.3055042400501007,
    0.3077859502416425,
    0.304367555808599,
    0.3024450170272994,
    0.3026595371034572,
    0.3023404778453629,
    0.3006914458778293,
    0.3013624488859112,
    0.3010498535786574,
    0.2996344623938454,
    0.29963959885836045,
    0.29930232945258506,
    0.29894032019517064,
    0.2976819513433174,
    0.29917133835589405,
    0.2978939463197403,
    0.29798282167004375,
    0.2982121070378711,
    0.298055492467884,
    0.2980197838648076
  ],